"../../../Engine/Content/EditorResources/S_Actor.ubulk" 0
"../../../Engine/Content/EditorResources/S_Actor.uasset" 1
"../../../Engine/Content/EditorResources/S_Actor.uexp" 2
"../../../Engine/Content/EditorResources/S_BoxReflectionCapture.uasset" 3
"../../../Engine/Content/EditorResources/S_BoxReflectionCapture.uexp" 4
"../../../Engine/Content/EngineResources/DefaultTexture.ubulk" 5
"../../../Engine/Content/EngineResources/DefaultTexture.uasset" 6
"../../../Engine/Content/EngineResources/DefaultTexture.uexp" 7
"../../../Engine/Content/EngineResources/DefaultTextureCube.uasset" 8
"../../../Engine/Content/EngineResources/DefaultTextureCube.uexp" 9
"../../../Engine/Content/EngineResources/DefaultVolumeTexture2D.uasset" 10
"../../../Engine/Content/EngineResources/DefaultVolumeTexture2D.uexp" 11
"../../../Engine/Content/EngineResources/DefaultVolumeTexture.uasset" 12
"../../../Engine/Content/EngineResources/DefaultVolumeTexture.uexp" 13
"../../../Engine/Content/EditorResources/S_Trigger.ubulk" 14
"../../../Engine/Content/EditorResources/S_Trigger.uasset" 15
"../../../Engine/Content/EditorResources/S_Trigger.uexp" 16
"../../../Engine/Content/EditorResources/S_TriggerBox.uasset" 17
"../../../Engine/Content/EditorResources/S_TriggerBox.uexp" 18
"../../../Engine/Content/EditorResources/S_TriggerCapsule.uasset" 19
"../../../Engine/Content/EditorResources/S_TriggerCapsule.uexp" 20
"../../../Engine/Content/EditorResources/S_TriggerSphere.uasset" 21
"../../../Engine/Content/EditorResources/S_TriggerSphere.uexp" 22
"../../../Engine/Content/EngineMeshes/Sphere.ubulk" 23
"../../../Engine/Content/EngineMeshes/Sphere.uasset" 24
"../../../Engine/Content/EngineMeshes/Sphere.uexp" 25
"../../../Engine/Content/EngineResources/GradientTexture0.uasset" 26
"../../../Engine/Content/EngineResources/GradientTexture0.uexp" 27
"../../../Engine/Content/EngineResources/Black.uasset" 28
"../../../Engine/Content/EngineResources/Black.uexp" 29
"../../../Engine/Content/VREditor/LaserPointer/VR_LaserPower_01.ubulk" 30
"../../../Engine/Content/VREditor/LaserPointer/VR_LaserPower_01.uasset" 31
"../../../Engine/Content/VREditor/LaserPointer/VR_LaserPower_01.uexp" 32
"../../../Engine/Content/VREditor/TransformGizmo/TransformGizmoMaterial.uasset" 33
"../../../Engine/Content/VREditor/TransformGizmo/TransformGizmoMaterial.uexp" 34
"../../../Engine/Content/VREditor/TransformGizmo/TranslucentTransformGizmoMaterial.uasset" 35
"../../../Engine/Content/VREditor/TransformGizmo/TranslucentTransformGizmoMaterial.uexp" 36
"../../../Engine/Content/VREditor/TransformGizmo/BoundingBoxCorner.ubulk" 37
"../../../Engine/Content/VREditor/TransformGizmo/BoundingBoxCorner.uasset" 38
"../../../Engine/Content/VREditor/TransformGizmo/BoundingBoxCorner.uexp" 39
"../../../Engine/Content/VREditor/TransformGizmo/BoundingBoxEdge.ubulk" 40
"../../../Engine/Content/VREditor/TransformGizmo/BoundingBoxEdge.uasset" 41
"../../../Engine/Content/VREditor/TransformGizmo/BoundingBoxEdge.uexp" 42
"../../../Engine/Content/VREditor/TransformGizmo/Main.uasset" 43
"../../../Engine/Content/VREditor/TransformGizmo/Main.uexp" 44
"../../../Engine/Content/VREditor/TransformGizmo/Xray.uasset" 45
"../../../Engine/Content/VREditor/TransformGizmo/Xray.uexp" 46
"../../../Engine/Content/VREditor/TransformGizmo/SM_Sequencer_Node.ubulk" 47
"../../../Engine/Content/VREditor/TransformGizmo/SM_Sequencer_Node.uasset" 48
"../../../Engine/Content/VREditor/TransformGizmo/SM_Sequencer_Node.uexp" 49
"../../../Engine/Content/EditorResources/S_Solver.ubulk" 50
"../../../Engine/Content/EditorResources/S_Solver.uasset" 51
"../../../Engine/Content/EditorResources/S_Solver.uexp" 52
"../../../Engine/Content/EditorMaterials/Camera/CineMat.uasset" 53
"../../../Engine/Content/EditorMaterials/Camera/CineMat.uexp" 54
"../../../Engine/Content/EditorMaterials/Camera/MI_CineMat_Rig.uasset" 55
"../../../Engine/Content/EditorMaterials/Camera/MI_CineMat_Rig.uexp" 56
"../../../Engine/Content/EditorMeshes/Camera/SM_CraneRig_Base.ubulk" 57
"../../../Engine/Content/EditorMeshes/Camera/SM_CraneRig_Base.uasset" 58
"../../../Engine/Content/EditorMeshes/Camera/SM_CraneRig_Base.uexp" 59
"../../../Engine/Content/EditorMeshes/Camera/SM_CraneRig_Arm.ubulk" 60
"../../../Engine/Content/EditorMeshes/Camera/SM_CraneRig_Arm.uasset" 61
"../../../Engine/Content/EditorMeshes/Camera/SM_CraneRig_Arm.uexp" 62
"../../../Engine/Content/EditorMeshes/Camera/SM_CraneRig_Mount.ubulk" 63
"../../../Engine/Content/EditorMeshes/Camera/SM_CraneRig_Mount.uasset" 64
"../../../Engine/Content/EditorMeshes/Camera/SM_CraneRig_Mount.uexp" 65
"../../../Engine/Content/EditorMeshes/Camera/SM_CraneRig_Body.ubulk" 66
"../../../Engine/Content/EditorMeshes/Camera/SM_CraneRig_Body.uasset" 67
"../../../Engine/Content/EditorMeshes/Camera/SM_CraneRig_Body.uexp" 68
"../../../Engine/Content/EditorMeshes/Camera/SM_RailRig_Track.ubulk" 69
"../../../Engine/Content/EditorMeshes/Camera/SM_RailRig_Track.uasset" 70
"../../../Engine/Content/EditorMeshes/Camera/SM_RailRig_Track.uexp" 71
"../../../Engine/Content/EditorMeshes/Camera/SM_RailRig_Mount.ubulk" 72
"../../../Engine/Content/EditorMeshes/Camera/SM_RailRig_Mount.uasset" 73
"../../../Engine/Content/EditorMeshes/Camera/SM_RailRig_Mount.uexp" 74
"../../../Engine/Content/EngineMaterials/T_Default_Material_Grid_M.ubulk" 75
"../../../Engine/Content/EngineMaterials/T_Default_Material_Grid_M.uasset" 76
"../../../Engine/Content/EngineMaterials/T_Default_Material_Grid_M.uexp" 77
"../../../Engine/Content/EngineMaterials/T_Default_Material_Grid_N.ubulk" 78
"../../../Engine/Content/EngineMaterials/T_Default_Material_Grid_N.uasset" 79
"../../../Engine/Content/EngineMaterials/T_Default_Material_Grid_N.uexp" 80
"../../../Engine/Content/Functions/Engine_MaterialFunctions01/Opacity/CameraDepthFade.uasset" 81
"../../../Engine/Content/Functions/Engine_MaterialFunctions01/Opacity/CameraDepthFade.uexp" 82
"../../../Engine/Content/EngineMaterials/WorldGridMaterial.uasset" 83
"../../../Engine/Content/EngineMaterials/WorldGridMaterial.uexp" 84
"../../../Engine/Content/ArtTools/RenderToTexture/Meshes/S_1_Unit_Plane.ubulk" 85
"../../../Engine/Content/ArtTools/RenderToTexture/Meshes/S_1_Unit_Plane.uasset" 86
"../../../Engine/Content/ArtTools/RenderToTexture/Meshes/S_1_Unit_Plane.uexp" 87
"../../../Engine/Content/EditorMaterials/ParticleSystems/PSysThumbnail_NoImage.ubulk" 88
"../../../Engine/Content/EditorMaterials/ParticleSystems/PSysThumbnail_NoImage.uasset" 89
"../../../Engine/Content/EditorMaterials/ParticleSystems/PSysThumbnail_NoImage.uexp" 90
"../../../Engine/Content/EditorMaterials/ParticleSystems/PSysThumbnail_OOD.ubulk" 91
"../../../Engine/Content/EditorMaterials/ParticleSystems/PSysThumbnail_OOD.uasset" 92
"../../../Engine/Content/EditorMaterials/ParticleSystems/PSysThumbnail_OOD.uexp" 93
"../../../Engine/Content/EditorLandscapeResources/SplineEditorMeshMat.uasset" 94
"../../../Engine/Content/EditorLandscapeResources/SplineEditorMeshMat.uexp" 95
"../../../Engine/Content/EditorLandscapeResources/SplineEditorMesh.ubulk" 96
"../../../Engine/Content/EditorLandscapeResources/SplineEditorMesh.uasset" 97
"../../../Engine/Content/EditorLandscapeResources/SplineEditorMesh.uexp" 98
"../../../Engine/Plugins/Media/MediaPlate/Content/SM_MediaPlateScreen.ubulk" 99
"../../../Engine/Plugins/Media/MediaPlate/Content/SM_MediaPlateScreen.uasset" 100
"../../../Engine/Plugins/Media/MediaPlate/Content/SM_MediaPlateScreen.uexp" 101
"../../../Engine/Content/EngineMaterials/DefaultBokeh.uasset" 102
"../../../Engine/Content/EngineMaterials/DefaultBokeh.uexp" 103
"../../../Engine/Content/EngineMaterials/MiniFont.uasset" 104
"../../../Engine/Content/EngineMaterials/MiniFont.uexp" 105
"../../../Engine/Content/EngineMaterials/WeightMapPlaceholderTexture.uasset" 106
"../../../Engine/Content/EngineMaterials/WeightMapPlaceholderTexture.uexp" 107
"../../../Engine/Content/EngineMaterials/WeightMapArrayPlaceholderTexture.uasset" 108
"../../../Engine/Content/EngineMaterials/WeightMapArrayPlaceholderTexture.uexp" 109
"../../../Engine/Content/EngineMaterials/DefaultWhiteGrid.ubulk" 110
"../../../Engine/Content/EngineMaterials/DefaultWhiteGrid.uasset" 111
"../../../Engine/Content/EngineMaterials/DefaultWhiteGrid.uexp" 112
"../../../Engine/Content/EngineMaterials/PreintegratedSkinBRDF.uasset" 113
"../../../Engine/Content/EngineMaterials/PreintegratedSkinBRDF.uexp" 114
"../../../Engine/Content/Functions/Engine_MaterialFunctions02/WorldPositionOffset/CameraOffset.uasset" 115
"../../../Engine/Content/Functions/Engine_MaterialFunctions02/WorldPositionOffset/CameraOffset.uexp" 116
"../../../Engine/Plugins/Animation/ControlRig/Content/M_Manip.uasset" 117
"../../../Engine/Plugins/Animation/ControlRig/Content/M_Manip.uexp" 118
"../../../Engine/Plugins/Animation/ACLPlugin/Content/ACLAnimCurveCompressionSettings.uasset" 119
"../../../Engine/Plugins/Animation/ACLPlugin/Content/ACLAnimCurveCompressionSettings.uexp" 120
"../../../Engine/Plugins/Animation/ACLPlugin/Content/ACLAnimBoneCompressionSettings.uasset" 121
"../../../Engine/Plugins/Animation/ACLPlugin/Content/ACLAnimBoneCompressionSettings.uexp" 122
"../../../Engine/Plugins/2D/Paper2D/Content/PlaceholderTextures/DummySpriteTexture.ubulk" 123
"../../../Engine/Plugins/2D/Paper2D/Content/PlaceholderTextures/DummySpriteTexture.uasset" 124
"../../../Engine/Plugins/2D/Paper2D/Content/PlaceholderTextures/DummySpriteTexture.uexp" 125
"../../../Engine/Plugins/2D/Paper2D/Content/DefaultSpriteMaterial.uasset" 126
"../../../Engine/Plugins/2D/Paper2D/Content/DefaultSpriteMaterial.uexp" 127
"../../../Engine/Plugins/2D/Paper2D/Content/OpaqueUnlitSpriteMaterial.uasset" 128
"../../../Engine/Plugins/2D/Paper2D/Content/OpaqueUnlitSpriteMaterial.uexp" 129
"../../../Engine/Plugins/2D/Paper2D/Content/MaskedUnlitSpriteMaterial.uasset" 130
"../../../Engine/Plugins/2D/Paper2D/Content/MaskedUnlitSpriteMaterial.uexp" 131
"../../../Engine/Plugins/2D/Paper2D/Content/DummySprite.uasset" 132
"../../../Engine/Plugins/2D/Paper2D/Content/DummySprite.uexp" 133
"../../../Engine/Plugins/2D/Paper2D/Content/DefaultPaperTerrainMaterial.uasset" 134
"../../../Engine/Plugins/2D/Paper2D/Content/DefaultPaperTerrainMaterial.uexp" 135
"C:/Users/Amir sanni/Documents/Unreal Projects/Roomba/Content/NickSideThing/IntroSequence.uasset" 136
"C:/Users/Amir sanni/Documents/Unreal Projects/Roomba/Content/NickSideThing/IntroSequence.uexp" 137
"C:/Users/Amir sanni/Documents/Unreal Projects/Roomba/Content/ThirdPerson/Blueprints/SaveSystem_BP/RoombSaveGame_BP.uasset" 138
"C:/Users/Amir sanni/Documents/Unreal Projects/Roomba/Content/ThirdPerson/Blueprints/SaveSystem_BP/RoombSaveGame_BP.uexp" 139
"C:/Users/Amir sanni/Documents/Unreal Projects/Roomba/Content/ThirdPerson/Blueprints/SaveSystem_BP/SaveSystem_BP.uasset" 140
"C:/Users/Amir sanni/Documents/Unreal Projects/Roomba/Content/ThirdPerson/Blueprints/SaveSystem_BP/SaveSystem_BP.uexp" 141
"C:/Users/Amir sanni/Documents/Unreal Projects/Roomba/Content/ThirdPerson/Blueprints/SaveSystem_BP/SaveSystemFunctionLibrary_BP.uasset" 142
"C:/Users/Amir sanni/Documents/Unreal Projects/Roomba/Content/ThirdPerson/Blueprints/SaveSystem_BP/SaveSystemFunctionLibrary_BP.uexp" 143
"C:/Users/Amir sanni/Documents/Unreal Projects/Roomba/Content/Menu/SaveMenu.uasset" 144
"C:/Users/Amir sanni/Documents/Unreal Projects/Roomba/Content/Menu/SaveMenu.uexp" 145
"C:/Users/Amir sanni/Documents/Unreal Projects/Roomba/Content/Menu/2dAssets/uibranch.uasset" 146
"C:/Users/Amir sanni/Documents/Unreal Projects/Roomba/Content/Menu/2dAssets/uibranch.uexp" 147
"C:/Users/Amir sanni/Documents/Unreal Projects/Roomba/Content/Menu/2dAssets/Fonts/OvercameDemoRegular.uexp" 148
"C:/Users/Amir sanni/Documents/Unreal Projects/Roomba/Content/Menu/2dAssets/Fonts/OvercameDemoRegular.uasset" 149
"C:/Users/Amir sanni/Documents/Unreal Projects/Roomba/Content/Menu/2dAssets/Fonts/OvercameDemoRegular.ufont" 150
"C:/Users/Amir sanni/Documents/Unreal Projects/Roomba/Content/Menu/2dAssets/Fonts/OvercameDemoRegular_Font.uasset" 151
"C:/Users/Amir sanni/Documents/Unreal Projects/Roomba/Content/Menu/2dAssets/Fonts/OvercameDemoRegular_Font.uexp" 152
"C:/Users/Amir sanni/Documents/Unreal Projects/Roomba/Content/Menu/2dAssets/uibox.uasset" 153
"C:/Users/Amir sanni/Documents/Unreal Projects/Roomba/Content/Menu/2dAssets/uibox.uexp" 154
"C:/Users/Amir sanni/Documents/Unreal Projects/Roomba/Content/Menu/2dAssets/Fonts/REDFIVE_.uexp" 155
"C:/Users/Amir sanni/Documents/Unreal Projects/Roomba/Content/Menu/2dAssets/Fonts/REDFIVE_.uasset" 156
"C:/Users/Amir sanni/Documents/Unreal Projects/Roomba/Content/Menu/2dAssets/Fonts/REDFIVE_.ufont" 157
"C:/Users/Amir sanni/Documents/Unreal Projects/Roomba/Content/Menu/2dAssets/Fonts/REDFIVE__Font.uasset" 158
"C:/Users/Amir sanni/Documents/Unreal Projects/Roomba/Content/Menu/2dAssets/Fonts/REDFIVE__Font.uexp" 159
"C:/Users/Amir sanni/Documents/Unreal Projects/Roomba/Content/Menu/OptionsMenu.uasset" 160
"C:/Users/Amir sanni/Documents/Unreal Projects/Roomba/Content/Menu/OptionsMenu.uexp" 161
"C:/Users/Amir sanni/Documents/Unreal Projects/Roomba/Content/Menu/2dAssets/uibranchflip.uasset" 162
"C:/Users/Amir sanni/Documents/Unreal Projects/Roomba/Content/Menu/2dAssets/uibranchflip.uexp" 163
"C:/Users/Amir sanni/Documents/Unreal Projects/Roomba/Content/Menu/MainMenu.uasset" 164
"C:/Users/Amir sanni/Documents/Unreal Projects/Roomba/Content/Menu/MainMenu.uexp" 165
"C:/Users/Amir sanni/Documents/Unreal Projects/Roomba/Content/LevelDesign/EasterEggRoom/download.ubulk" 166
"C:/Users/Amir sanni/Documents/Unreal Projects/Roomba/Content/LevelDesign/EasterEggRoom/download.uasset" 167
"C:/Users/Amir sanni/Documents/Unreal Projects/Roomba/Content/LevelDesign/EasterEggRoom/download.uexp" 168
"C:/Users/Amir sanni/Documents/Unreal Projects/Roomba/Content/LevelDesign/EasterEggRoom/M_Secret.uasset" 169
"C:/Users/Amir sanni/Documents/Unreal Projects/Roomba/Content/LevelDesign/EasterEggRoom/M_Secret.uexp" 170
"C:/Users/Amir sanni/Documents/Unreal Projects/Roomba/Content/LevelDesign/M_Brown.uasset" 171
"C:/Users/Amir sanni/Documents/Unreal Projects/Roomba/Content/LevelDesign/M_Brown.uexp" 172
"../../../Engine/Content/BasicShapes/Cube.ubulk" 173
"../../../Engine/Content/BasicShapes/Cube.uasset" 174
"../../../Engine/Content/BasicShapes/Cube.uexp" 175
"../../../Engine/Content/BasicShapes/BasicShapeMaterial.uasset" 176
"../../../Engine/Content/BasicShapes/BasicShapeMaterial.uexp" 177
"C:/Users/Amir sanni/Documents/Unreal Projects/Roomba/Content/ThirdPerson/Blueprints/LightDetection_BP/TopRenderTarget.uasset" 178
"C:/Users/Amir sanni/Documents/Unreal Projects/Roomba/Content/ThirdPerson/Blueprints/LightDetection_BP/TopRenderTarget.uexp" 179
"C:/Users/Amir sanni/Documents/Unreal Projects/Roomba/Content/ThirdPerson/Blueprints/LightDetection_BP/BP_LightDetection.uasset" 180
"C:/Users/Amir sanni/Documents/Unreal Projects/Roomba/Content/ThirdPerson/Blueprints/LightDetection_BP/BP_LightDetection.uexp" 181
"C:/Users/Amir sanni/Documents/Unreal Projects/Roomba/Content/ThirdPerson/Input/Actions/IA_DashSpeed.uasset" 182
"C:/Users/Amir sanni/Documents/Unreal Projects/Roomba/Content/ThirdPerson/Input/Actions/IA_DashSpeed.uexp" 183
"C:/Users/Amir sanni/Documents/Unreal Projects/Roomba/Content/ThirdPerson/Input/Actions/IA_Interact.uasset" 184
"C:/Users/Amir sanni/Documents/Unreal Projects/Roomba/Content/ThirdPerson/Input/Actions/IA_Interact.uexp" 185
"C:/Users/Amir sanni/Documents/Unreal Projects/Roomba/Content/ThirdPerson/Blueprints/Player_BP/WBP_SPEEDUI.uasset" 186
"C:/Users/Amir sanni/Documents/Unreal Projects/Roomba/Content/ThirdPerson/Blueprints/Player_BP/WBP_SPEEDUI.uexp" 187
"C:/Users/Amir sanni/Documents/Unreal Projects/Roomba/Content/InteractPrototypeBP/poweboxPopupPlaceholder.uasset" 188
"C:/Users/Amir sanni/Documents/Unreal Projects/Roomba/Content/InteractPrototypeBP/poweboxPopupPlaceholder.uexp" 189
"C:/Users/Amir sanni/Documents/Unreal Projects/Roomba/Content/ThirdPerson/Blueprints/Tutorial_BP/TutorialWidget_BP.uasset" 190
"C:/Users/Amir sanni/Documents/Unreal Projects/Roomba/Content/ThirdPerson/Blueprints/Tutorial_BP/TutorialWidget_BP.uexp" 191
"C:/Users/Amir sanni/Documents/Unreal Projects/Roomba/Content/ThirdPerson/Input/Actions/IA_Jump.uasset" 192
"C:/Users/Amir sanni/Documents/Unreal Projects/Roomba/Content/ThirdPerson/Input/Actions/IA_Jump.uexp" 193
"C:/Users/Amir sanni/Documents/Unreal Projects/Roomba/Content/ThirdPerson/Blueprints/Tutorial_BP/Tutorial_BP.uasset" 194
"C:/Users/Amir sanni/Documents/Unreal Projects/Roomba/Content/ThirdPerson/Blueprints/Tutorial_BP/Tutorial_BP.uexp" 195
"C:/Users/Amir sanni/Documents/Unreal Projects/Roomba/Content/ThirdPerson/Blueprints/Tutorial_BP/TutorialFunctionLibrary_BP.uasset" 196
"C:/Users/Amir sanni/Documents/Unreal Projects/Roomba/Content/ThirdPerson/Blueprints/Tutorial_BP/TutorialFunctionLibrary_BP.uexp" 197
"C:/Users/Amir sanni/Documents/Unreal Projects/Roomba/Content/Menu/OptionsMenuPause.uasset" 198
"C:/Users/Amir sanni/Documents/Unreal Projects/Roomba/Content/Menu/OptionsMenuPause.uexp" 199
"C:/Users/Amir sanni/Documents/Unreal Projects/Roomba/Content/Menu/PauseMenu.uasset" 200
"C:/Users/Amir sanni/Documents/Unreal Projects/Roomba/Content/Menu/PauseMenu.uexp" 201
"C:/Users/Amir sanni/Documents/Unreal Projects/Roomba/Content/Assets/roomba1_Low_lambert1_Emissive.ubulk" 202
"C:/Users/Amir sanni/Documents/Unreal Projects/Roomba/Content/Assets/roomba1_Low_lambert1_Emissive.uasset" 203
"C:/Users/Amir sanni/Documents/Unreal Projects/Roomba/Content/Assets/roomba1_Low_lambert1_Emissive.uexp" 204
"C:/Users/Amir sanni/Documents/Unreal Projects/Roomba/Content/Assets/roomba1_Low_lambert1_Normal.ubulk" 205
"C:/Users/Amir sanni/Documents/Unreal Projects/Roomba/Content/Assets/roomba1_Low_lambert1_Normal.uasset" 206
"C:/Users/Amir sanni/Documents/Unreal Projects/Roomba/Content/Assets/roomba1_Low_lambert1_Normal.uexp" 207
"C:/Users/Amir sanni/Documents/Unreal Projects/Roomba/Content/Assets/roomba1_Low_lambert1_BaseColor.ubulk" 208
"C:/Users/Amir sanni/Documents/Unreal Projects/Roomba/Content/Assets/roomba1_Low_lambert1_BaseColor.uasset" 209
"C:/Users/Amir sanni/Documents/Unreal Projects/Roomba/Content/Assets/roomba1_Low_lambert1_BaseColor.uexp" 210
"C:/Users/Amir sanni/Documents/Unreal Projects/Roomba/Content/Assets/roomba1_Low_lambert1_OcclusionRoughnessMetallic.ubulk" 211
"C:/Users/Amir sanni/Documents/Unreal Projects/Roomba/Content/Assets/roomba1_Low_lambert1_OcclusionRoughnessMetallic.uasset" 212
"C:/Users/Amir sanni/Documents/Unreal Projects/Roomba/Content/Assets/roomba1_Low_lambert1_OcclusionRoughnessMetallic.uexp" 213
"C:/Users/Amir sanni/Documents/Unreal Projects/Roomba/Content/Assets/M_Roomba.uasset" 214
"C:/Users/Amir sanni/Documents/Unreal Projects/Roomba/Content/Assets/M_Roomba.uexp" 215
"C:/Users/Amir sanni/Documents/Unreal Projects/Roomba/Content/Assets/roomba__1__Skeleton.uasset" 216
"C:/Users/Amir sanni/Documents/Unreal Projects/Roomba/Content/Assets/roomba__1__Skeleton.uexp" 217
"C:/Users/Amir sanni/Documents/Unreal Projects/Roomba/Content/Assets/roomba__1__PhysicsAsset.uasset" 218
"C:/Users/Amir sanni/Documents/Unreal Projects/Roomba/Content/Assets/roomba__1__PhysicsAsset.uexp" 219
"C:/Users/Amir sanni/Documents/Unreal Projects/Roomba/Content/Assets/roomba__1_.uasset" 220
"C:/Users/Amir sanni/Documents/Unreal Projects/Roomba/Content/Assets/roomba__1_.uexp" 221
"C:/Users/Amir sanni/Documents/Unreal Projects/Roomba/Content/ThirdPerson/Input/Actions/IA_Look.uasset" 222
"C:/Users/Amir sanni/Documents/Unreal Projects/Roomba/Content/ThirdPerson/Input/Actions/IA_Look.uexp" 223
"C:/Users/Amir sanni/Documents/Unreal Projects/Roomba/Content/ThirdPerson/Input/Actions/IA_Move.uasset" 224
"C:/Users/Amir sanni/Documents/Unreal Projects/Roomba/Content/ThirdPerson/Input/Actions/IA_Move.uexp" 225
"C:/Users/Amir sanni/Documents/Unreal Projects/Roomba/Content/ThirdPerson/Input/Actions/IA_Pause.uasset" 226
"C:/Users/Amir sanni/Documents/Unreal Projects/Roomba/Content/ThirdPerson/Input/Actions/IA_Pause.uexp" 227
"C:/Users/Amir sanni/Documents/Unreal Projects/Roomba/Content/ThirdPerson/Input/IMC_Default.uasset" 228
"C:/Users/Amir sanni/Documents/Unreal Projects/Roomba/Content/ThirdPerson/Input/IMC_Default.uexp" 229
"C:/Users/Amir sanni/Documents/Unreal Projects/Roomba/Content/ThirdPerson/Blueprints/Player_BP/WBP_STAMINAUI.uasset" 230
"C:/Users/Amir sanni/Documents/Unreal Projects/Roomba/Content/ThirdPerson/Blueprints/Player_BP/WBP_STAMINAUI.uexp" 231
"C:/Users/Amir sanni/Documents/Unreal Projects/Roomba/Content/Assets/2DImages/LIGHTVSDARK.uasset" 232
"C:/Users/Amir sanni/Documents/Unreal Projects/Roomba/Content/Assets/2DImages/LIGHTVSDARK.uexp" 233
"C:/Users/Amir sanni/Documents/Unreal Projects/Roomba/Content/ThirdPerson/Blueprints/Player_BP/Player_BP.uasset" 234
"C:/Users/Amir sanni/Documents/Unreal Projects/Roomba/Content/ThirdPerson/Blueprints/Player_BP/Player_BP.uexp" 235
"C:/Users/Amir sanni/Documents/Unreal Projects/Roomba/Content/LevelDesign/BP_BreakableObject.uasset" 236
"C:/Users/Amir sanni/Documents/Unreal Projects/Roomba/Content/LevelDesign/BP_BreakableObject.uexp" 237
"C:/Users/Amir sanni/Documents/Unreal Projects/Roomba/Content/StarterContent/Textures/T_Wood_Oak_N.ubulk" 238
"C:/Users/Amir sanni/Documents/Unreal Projects/Roomba/Content/StarterContent/Textures/T_Wood_Oak_N.uasset" 239
"C:/Users/Amir sanni/Documents/Unreal Projects/Roomba/Content/StarterContent/Textures/T_Wood_Oak_N.uexp" 240
"C:/Users/Amir sanni/Documents/Unreal Projects/Roomba/Content/StarterContent/Textures/T_Wood_Oak_D.ubulk" 241
"C:/Users/Amir sanni/Documents/Unreal Projects/Roomba/Content/StarterContent/Textures/T_Wood_Oak_D.uasset" 242
"C:/Users/Amir sanni/Documents/Unreal Projects/Roomba/Content/StarterContent/Textures/T_Wood_Oak_D.uexp" 243
"C:/Users/Amir sanni/Documents/Unreal Projects/Roomba/Content/StarterContent/Textures/T_MacroVariation.uasset" 244
"C:/Users/Amir sanni/Documents/Unreal Projects/Roomba/Content/StarterContent/Textures/T_MacroVariation.uexp" 245
"C:/Users/Amir sanni/Documents/Unreal Projects/Roomba/Content/StarterContent/Materials/M_Wood_Oak.uasset" 246
"C:/Users/Amir sanni/Documents/Unreal Projects/Roomba/Content/StarterContent/Materials/M_Wood_Oak.uexp" 247
"C:/Users/Amir sanni/Documents/Unreal Projects/Roomba/Content/InteractPrototypeBP/DoorInteractable_BP.uasset" 248
"C:/Users/Amir sanni/Documents/Unreal Projects/Roomba/Content/InteractPrototypeBP/DoorInteractable_BP.uexp" 249
"C:/Users/Amir sanni/Documents/Unreal Projects/Roomba/Content/InteractPrototypeBP/OpenDoorMat.uasset" 250
"C:/Users/Amir sanni/Documents/Unreal Projects/Roomba/Content/InteractPrototypeBP/OpenDoorMat.uexp" 251
"C:/Users/Amir sanni/Documents/Unreal Projects/Roomba/Content/StarterContent/Textures/T_Wood_Walnut_N.ubulk" 252
"C:/Users/Amir sanni/Documents/Unreal Projects/Roomba/Content/StarterContent/Textures/T_Wood_Walnut_N.uasset" 253
"C:/Users/Amir sanni/Documents/Unreal Projects/Roomba/Content/StarterContent/Textures/T_Wood_Walnut_N.uexp" 254
"C:/Users/Amir sanni/Documents/Unreal Projects/Roomba/Content/InteractPrototypeBP/NewInteractionWidget_BP.uasset" 255
"C:/Users/Amir sanni/Documents/Unreal Projects/Roomba/Content/InteractPrototypeBP/NewInteractionWidget_BP.uexp" 256
"C:/Users/Amir sanni/Documents/Unreal Projects/Roomba/Content/InteractPrototypeBP/ProximityPromptComponent_BP.uasset" 257
"C:/Users/Amir sanni/Documents/Unreal Projects/Roomba/Content/InteractPrototypeBP/ProximityPromptComponent_BP.uexp" 258
"C:/Users/Amir sanni/Documents/Unreal Projects/Roomba/Content/InteractPrototypeBP/OldInteractionWidget_BP.uasset" 259
"C:/Users/Amir sanni/Documents/Unreal Projects/Roomba/Content/InteractPrototypeBP/OldInteractionWidget_BP.uexp" 260
"C:/Users/Amir sanni/Documents/Unreal Projects/Roomba/Content/InteractPrototypeBP/ClosedDoorMat.uasset" 261
"C:/Users/Amir sanni/Documents/Unreal Projects/Roomba/Content/InteractPrototypeBP/ClosedDoorMat.uexp" 262
"C:/Users/Amir sanni/Documents/Unreal Projects/Roomba/Content/Assets/fuseBox2_standardSurface1_OcclusionRoughnessMetallic.ubulk" 263
"C:/Users/Amir sanni/Documents/Unreal Projects/Roomba/Content/Assets/fuseBox2_standardSurface1_OcclusionRoughnessMetallic.uasset" 264
"C:/Users/Amir sanni/Documents/Unreal Projects/Roomba/Content/Assets/fuseBox2_standardSurface1_OcclusionRoughnessMetallic.uexp" 265
"C:/Users/Amir sanni/Documents/Unreal Projects/Roomba/Content/Assets/fuseBox2_standardSurface1_BaseColor.ubulk" 266
"C:/Users/Amir sanni/Documents/Unreal Projects/Roomba/Content/Assets/fuseBox2_standardSurface1_BaseColor.uasset" 267
"C:/Users/Amir sanni/Documents/Unreal Projects/Roomba/Content/Assets/fuseBox2_standardSurface1_BaseColor.uexp" 268
"C:/Users/Amir sanni/Documents/Unreal Projects/Roomba/Content/Assets/fuseBox2_standardSurface1_Normal.ubulk" 269
"C:/Users/Amir sanni/Documents/Unreal Projects/Roomba/Content/Assets/fuseBox2_standardSurface1_Normal.uasset" 270
"C:/Users/Amir sanni/Documents/Unreal Projects/Roomba/Content/Assets/fuseBox2_standardSurface1_Normal.uexp" 271
"C:/Users/Amir sanni/Documents/Unreal Projects/Roomba/Content/Assets/FuseMat.uasset" 272
"C:/Users/Amir sanni/Documents/Unreal Projects/Roomba/Content/Assets/FuseMat.uexp" 273
"C:/Users/Amir sanni/Documents/Unreal Projects/Roomba/Content/Assets/fuseBox2.ubulk" 274
"C:/Users/Amir sanni/Documents/Unreal Projects/Roomba/Content/Assets/fuseBox2.uasset" 275
"C:/Users/Amir sanni/Documents/Unreal Projects/Roomba/Content/Assets/fuseBox2.uexp" 276
"C:/Users/Amir sanni/Documents/Unreal Projects/Roomba/Content/DoorPrototyp/ShutterInteract_BP.uasset" 277
"C:/Users/Amir sanni/Documents/Unreal Projects/Roomba/Content/DoorPrototyp/ShutterInteract_BP.uexp" 278
"C:/Users/Amir sanni/Documents/Unreal Projects/Roomba/Content/Assets/roomba__1__meter.ubulk" 279
"C:/Users/Amir sanni/Documents/Unreal Projects/Roomba/Content/Assets/roomba__1__meter.uasset" 280
"C:/Users/Amir sanni/Documents/Unreal Projects/Roomba/Content/Assets/roomba__1__meter.uexp" 281
"../../../Engine/Content/EngineResources/WhiteSquareTexture.uasset" 282
"../../../Engine/Content/EngineResources/WhiteSquareTexture.uexp" 283
"../../../Engine/Content/EngineMaterials/Widget3DPassThrough.uasset" 284
"../../../Engine/Content/EngineMaterials/Widget3DPassThrough.uexp" 285
"../../../Engine/Content/EngineMaterials/Widget3DPassThrough_Translucent.uasset" 286
"../../../Engine/Content/EngineMaterials/Widget3DPassThrough_Translucent.uexp" 287
"../../../Engine/Content/EngineMaterials/Widget3DPassThrough_Translucent_OneSided.uasset" 288
"../../../Engine/Content/EngineMaterials/Widget3DPassThrough_Translucent_OneSided.uexp" 289
"../../../Engine/Content/EngineMaterials/Widget3DPassThrough_Opaque.uasset" 290
"../../../Engine/Content/EngineMaterials/Widget3DPassThrough_Opaque.uexp" 291
"../../../Engine/Content/EngineMaterials/Widget3DPassThrough_Opaque_OneSided.uasset" 292
"../../../Engine/Content/EngineMaterials/Widget3DPassThrough_Opaque_OneSided.uexp" 293
"../../../Engine/Content/EngineMaterials/Widget3DPassThrough_Masked_OneSided.uasset" 294
"../../../Engine/Content/EngineMaterials/Widget3DPassThrough_Masked_OneSided.uexp" 295
"../../../Engine/Content/EngineMaterials/Widget3DPassThrough_Masked.uasset" 296
"../../../Engine/Content/EngineMaterials/Widget3DPassThrough_Masked.uexp" 297
"../../../Engine/Content/EngineMaterials/STBlueNoise_vec2_128x128x64.uasset" 298
"../../../Engine/Content/EngineMaterials/STBlueNoise_vec2_128x128x64.uexp" 299
"../../../Engine/Content/EngineMaterials/STBlueNoise_scalar_128x128x64.uasset" 300
"../../../Engine/Content/EngineMaterials/STBlueNoise_scalar_128x128x64.uexp" 301
"../../../Engine/Content/EngineMaterials/RemoveSurfaceMaterial.uasset" 302
"../../../Engine/Content/EngineMaterials/RemoveSurfaceMaterial.uexp" 303
"../../../Engine/Content/EngineMaterials/DefaultCalibrationGrayscale.uasset" 304
"../../../Engine/Content/EngineMaterials/DefaultCalibrationGrayscale.uexp" 305
"../../../Engine/Content/EngineMaterials/PPM_DefaultCalibrationGrayscale.uasset" 306
"../../../Engine/Content/EngineMaterials/PPM_DefaultCalibrationGrayscale.uexp" 307
"../../../Engine/Content/EngineMaterials/DefaultCalibrationColor.uasset" 308
"../../../Engine/Content/EngineMaterials/DefaultCalibrationColor.uexp" 309
"../../../Engine/Content/EngineMaterials/PPM_DefaultCalibrationColor.uasset" 310
"../../../Engine/Content/EngineMaterials/PPM_DefaultCalibrationColor.uexp" 311
"../../../Engine/Content/EngineMaterials/PhAT_JointLimitMaterial.uasset" 312
"../../../Engine/Content/EngineMaterials/PhAT_JointLimitMaterial.uexp" 313
"../../../Engine/Content/EngineMaterials/NaniteHiddenSectionMaterial.uasset" 314
"../../../Engine/Content/EngineMaterials/NaniteHiddenSectionMaterial.uexp" 315
"../../../Engine/Content/EngineMaterials/InvalidLightmapSettings.ubulk" 316
"../../../Engine/Content/EngineMaterials/InvalidLightmapSettings.uasset" 317
"../../../Engine/Content/EngineMaterials/InvalidLightmapSettings.uexp" 318
"../../../Engine/Content/EngineMaterials/M_InvalidLightmapSettings.uasset" 319
"../../../Engine/Content/EngineMaterials/M_InvalidLightmapSettings.uexp" 320
"../../../Engine/Content/EngineMaterials/GizmoMaterial.uasset" 321
"../../../Engine/Content/EngineMaterials/GizmoMaterial.uexp" 322
"../../../Engine/Content/EngineMaterials/BaseFlattenEmissiveMap_VT.uasset" 323
"../../../Engine/Content/EngineMaterials/BaseFlattenEmissiveMap_VT.uexp" 324
"../../../Engine/Content/EngineMaterials/BaseFlattenGrayscaleMap_VT.uasset" 325
"../../../Engine/Content/EngineMaterials/BaseFlattenGrayscaleMap_VT.uexp" 326
"../../../Engine/Content/EngineMaterials/BaseFlattenLinearColor_VT.uasset" 327
"../../../Engine/Content/EngineMaterials/BaseFlattenLinearColor_VT.uexp" 328
"../../../Engine/Content/EngineMaterials/Black_1x1_EXR_Texture_VT.uasset" 329
"../../../Engine/Content/EngineMaterials/Black_1x1_EXR_Texture_VT.uexp" 330
"../../../Engine/Content/EngineMaterials/BaseFlattenDiffuseMap_VT.uasset" 331
"../../../Engine/Content/EngineMaterials/BaseFlattenDiffuseMap_VT.uexp" 332
"../../../Engine/Content/EngineMaterials/BaseFlattenNormalMap_VT.uasset" 333
"../../../Engine/Content/EngineMaterials/BaseFlattenNormalMap_VT.uexp" 334
"../../../Engine/Content/EngineMaterials/FlattenMaterial_WS_Normal_VT.uasset" 335
"../../../Engine/Content/EngineMaterials/FlattenMaterial_WS_Normal_VT.uexp" 336
"../../../Engine/Content/EngineMaterials/FlattenMaterial_VT.uasset" 337
"../../../Engine/Content/EngineMaterials/FlattenMaterial_VT.uexp" 338
"../../../Engine/Content/EngineMaterials/BaseFlattenNormalMap.uasset" 339
"../../../Engine/Content/EngineMaterials/BaseFlattenNormalMap.uexp" 340
"../../../Engine/Content/EngineMaterials/BaseFlattenGrayscaleMap.uasset" 341
"../../../Engine/Content/EngineMaterials/BaseFlattenGrayscaleMap.uexp" 342
"../../../Engine/Content/EngineMaterials/BaseFlattenDiffuseMap.uasset" 343
"../../../Engine/Content/EngineMaterials/BaseFlattenDiffuseMap.uexp" 344
"../../../Engine/Content/Functions/Engine_MaterialFunctions02/PivotPainter2/Black_1x1_EXR_Texture.uasset" 345
"../../../Engine/Content/Functions/Engine_MaterialFunctions02/PivotPainter2/Black_1x1_EXR_Texture.uexp" 346
"../../../Engine/Content/EngineMaterials/BaseFlattenEmissiveMap.uasset" 347
"../../../Engine/Content/EngineMaterials/BaseFlattenEmissiveMap.uexp" 348
"../../../Engine/Content/EngineMaterials/BaseFlattenLinearColor.uasset" 349
"../../../Engine/Content/EngineMaterials/BaseFlattenLinearColor.uexp" 350
"../../../Engine/Content/EngineMaterials/FlattenMaterial.uasset" 351
"../../../Engine/Content/EngineMaterials/FlattenMaterial.uexp" 352
"../../../Engine/Content/EngineMaterials/DefaultWhiteGrid_Low.uasset" 353
"../../../Engine/Content/EngineMaterials/DefaultWhiteGrid_Low.uexp" 354
"../../../Engine/Content/EngineMaterials/EmissiveMeshMaterial.uasset" 355
"../../../Engine/Content/EngineMaterials/EmissiveMeshMaterial.uexp" 356
"../../../Engine/Content/EngineFonts/RobotoDistanceField.uasset" 357
"../../../Engine/Content/EngineFonts/RobotoDistanceField.uexp" 358
"../../../Engine/Content/EngineMaterials/DefaultTextMaterialOpaque.uasset" 359
"../../../Engine/Content/EngineMaterials/DefaultTextMaterialOpaque.uexp" 360
"../../../Engine/Content/EngineMaterials/DefaultDiffuse.ubulk" 361
"../../../Engine/Content/EngineMaterials/DefaultDiffuse.uasset" 362
"../../../Engine/Content/EngineMaterials/DefaultDiffuse.uexp" 363
"../../../Engine/Content/Functions/Engine_MaterialFunctions02/Utility/BreakOutFloat2Components.uasset" 364
"../../../Engine/Content/Functions/Engine_MaterialFunctions02/Utility/BreakOutFloat2Components.uexp" 365
"../../../Engine/Content/EngineMaterials/DefaultPostProcessMaterial.uasset" 366
"../../../Engine/Content/EngineMaterials/DefaultPostProcessMaterial.uexp" 367
"../../../Engine/Content/EngineMaterials/DefaultPhysicalMaterial.uasset" 368
"../../../Engine/Content/EngineMaterials/DefaultPhysicalMaterial.uexp" 369
"../../../Engine/Content/EngineMaterials/DefaultLightFunctionMaterial.uasset" 370
"../../../Engine/Content/EngineMaterials/DefaultLightFunctionMaterial.uexp" 371
"../../../Engine/Content/EngineMaterials/DefaultDestructiblePhysicalMaterial.uasset" 372
"../../../Engine/Content/EngineMaterials/DefaultDestructiblePhysicalMaterial.uexp" 373
"../../../Engine/Content/EngineMaterials/DefaultDeferredDecalMaterial.uasset" 374
"../../../Engine/Content/EngineMaterials/DefaultDeferredDecalMaterial.uexp" 375
"../../../Engine/Content/EngineMaterials/DefaultBloomKernel.uasset" 376
"../../../Engine/Content/EngineMaterials/DefaultBloomKernel.uexp" 377
"../../../Engine/Content/EngineFonts/Faces/RobotoLight.uexp" 378
"../../../Engine/Content/EngineFonts/Faces/RobotoLight.uasset" 379
"../../../Engine/Content/EngineFonts/Faces/RobotoLight.ufont" 380
"../../../Engine/Content/EngineFonts/Faces/RobotoBold.uexp" 381
"../../../Engine/Content/EngineFonts/Faces/RobotoBold.uasset" 382
"../../../Engine/Content/EngineFonts/Faces/RobotoBold.ufont" 383
"../../../Engine/Content/EngineFonts/Faces/RobotoRegular.uexp" 384
"../../../Engine/Content/EngineFonts/Faces/RobotoRegular.uasset" 385
"../../../Engine/Content/EngineFonts/Faces/RobotoRegular.ufont" 386
"../../../Engine/Content/EngineFonts/Faces/DroidSansFallback.uexp" 387
"../../../Engine/Content/EngineFonts/Faces/DroidSansFallback.uasset" 388
"../../../Engine/Content/EngineFonts/Faces/DroidSansFallback.ufont" 389
"../../../Engine/Content/EngineFonts/Faces/RobotoItalic.uexp" 390
"../../../Engine/Content/EngineFonts/Faces/RobotoItalic.uasset" 391
"../../../Engine/Content/EngineFonts/Faces/RobotoItalic.ufont" 392
"../../../Engine/Content/EngineFonts/Faces/RobotoBoldItalic.uexp" 393
"../../../Engine/Content/EngineFonts/Faces/RobotoBoldItalic.uasset" 394
"../../../Engine/Content/EngineFonts/Faces/RobotoBoldItalic.ufont" 395
"../../../Engine/Content/EngineFonts/Roboto.uasset" 396
"../../../Engine/Content/EngineFonts/Roboto.uexp" 397
"../../../Engine/Content/Functions/Engine_MaterialFunctions02/Utility/CameraDirectionVector.uasset" 398
"../../../Engine/Content/Functions/Engine_MaterialFunctions02/Utility/CameraDirectionVector.uexp" 399
"../../../Engine/Content/EngineDebugMaterials/VolumeToRender.uasset" 400
"../../../Engine/Content/EngineDebugMaterials/VolumeToRender.uexp" 401
"../../../Engine/Content/EngineDebugMaterials/M_VolumeRenderSphereTracePP.uasset" 402
"../../../Engine/Content/EngineDebugMaterials/M_VolumeRenderSphereTracePP.uexp" 403
"../../../Engine/Content/EngineDebugMaterials/M_SimpleUnlitTranslucent.uasset" 404
"../../../Engine/Content/EngineDebugMaterials/M_SimpleUnlitTranslucent.uexp" 405
"../../../Engine/Content/EngineDebugMaterials/DebugMeshMaterial.uasset" 406
"../../../Engine/Content/EngineDebugMaterials/DebugMeshMaterial.uexp" 407
"../../../Engine/Content/EngineDebugMaterials/DebugEditorMaterial.uasset" 408
"../../../Engine/Content/EngineDebugMaterials/DebugEditorMaterial.uexp" 409
"../../../Engine/Content/EngineDamageTypes/DmgTypeBP_Environmental.uasset" 410
"../../../Engine/Content/EngineDamageTypes/DmgTypeBP_Environmental.uexp" 411
"../../../Engine/Content/EditorResources/S_Terrain.ubulk" 412
"../../../Engine/Content/EditorResources/S_Terrain.uasset" 413
"../../../Engine/Content/EditorResources/S_Terrain.uexp" 414
"../../../Engine/Content/EditorResources/EmptyActor.uasset" 415
"../../../Engine/Content/EditorResources/EmptyActor.uexp" 416
"../../../Engine/Content/EditorResources/BSPVertex.uasset" 417
"../../../Engine/Content/EditorResources/BSPVertex.uexp" 418
"../../../Engine/Content/EditorMaterials/PreviewShadowIndicator.ubulk" 419
"../../../Engine/Content/EditorMaterials/PreviewShadowIndicator.uasset" 420
"../../../Engine/Content/EditorMaterials/PreviewShadowIndicator.uexp" 421
"../../../Engine/Content/EditorMaterials/PreviewShadowIndicatorMaterial.uasset" 422
"../../../Engine/Content/EditorMaterials/PreviewShadowIndicatorMaterial.uexp" 423
"../../../Engine/Content/EditorMaterials/PhAT_UnselectedMaterial.uasset" 424
"../../../Engine/Content/EditorMaterials/PhAT_UnselectedMaterial.uexp" 425
"../../../Engine/Content/EditorMaterials/PhAT_NoCollisionMaterial.uasset" 426
"../../../Engine/Content/EditorMaterials/PhAT_NoCollisionMaterial.uexp" 427
"../../../Engine/Content/EditorLandscapeResources/DefaultAlphaTexture.uasset" 428
"../../../Engine/Content/EditorLandscapeResources/DefaultAlphaTexture.uexp" 429
"../../../Engine/Content/EditorLandscapeResources/DataLayer.uasset" 430
"../../../Engine/Content/EditorLandscapeResources/DataLayer.uexp" 431
"../../../Engine/Content/EngineMaterials/DefaultMaterial.uasset" 432
"../../../Engine/Content/EngineMaterials/DefaultMaterial.uexp" 433
"../../../Engine/Content/BasicShapes/Sphere.ubulk" 434
"../../../Engine/Content/BasicShapes/Sphere.uasset" 435
"../../../Engine/Content/BasicShapes/Sphere.uexp" 436
"../../../Engine/Content/BasicShapes/Cylinder.ubulk" 437
"../../../Engine/Content/BasicShapes/Cylinder.uasset" 438
"../../../Engine/Content/BasicShapes/Cylinder.uexp" 439
"../../../Engine/Plugins/Runtime/MeshModelingToolset/Content/Materials/M_DynamicMeshComponentVtxColor.uasset" 440
"../../../Engine/Plugins/Runtime/MeshModelingToolset/Content/Materials/M_DynamicMeshComponentVtxColor.uexp" 441
"../../../Engine/Plugins/Interchange/Runtime/Content/Pipelines/DefaultTexturePipeline.uasset" 442
"../../../Engine/Plugins/Interchange/Runtime/Content/Pipelines/DefaultTexturePipeline.uexp" 443
"../../../Engine/Plugins/Interchange/Runtime/Content/Pipelines/DefaultSceneLevelPipeline.uasset" 444
"../../../Engine/Plugins/Interchange/Runtime/Content/Pipelines/DefaultSceneLevelPipeline.uexp" 445
"../../../Engine/Plugins/Interchange/Runtime/Content/Pipelines/DefaultSceneAssetsPipeline.uasset" 446
"../../../Engine/Plugins/Interchange/Runtime/Content/Pipelines/DefaultSceneAssetsPipeline.uexp" 447
"../../../Engine/Plugins/Interchange/Runtime/Content/Pipelines/DefaultMaterialXPipeline.uasset" 448
"../../../Engine/Plugins/Interchange/Runtime/Content/Pipelines/DefaultMaterialXPipeline.uexp" 449
"../../../Engine/Plugins/Interchange/Runtime/Content/Pipelines/DefaultMaterialPipeline.uasset" 450
"../../../Engine/Plugins/Interchange/Runtime/Content/Pipelines/DefaultMaterialPipeline.uexp" 451
"../../../Engine/Plugins/Interchange/Runtime/Content/Pipelines/DefaultGLTFSceneAssetsPipeline.uasset" 452
"../../../Engine/Plugins/Interchange/Runtime/Content/Pipelines/DefaultGLTFSceneAssetsPipeline.uexp" 453
"../../../Engine/Plugins/Interchange/Runtime/Content/Pipelines/DefaultGLTFPipeline.uasset" 454
"../../../Engine/Plugins/Interchange/Runtime/Content/Pipelines/DefaultGLTFPipeline.uexp" 455
"../../../Engine/Plugins/Interchange/Runtime/Content/Pipelines/DefaultGLTFAssetsPipeline.uasset" 456
"../../../Engine/Plugins/Interchange/Runtime/Content/Pipelines/DefaultGLTFAssetsPipeline.uexp" 457
"../../../Engine/Plugins/Interchange/Runtime/Content/Pipelines/DefaultAssetsPipeline.uasset" 458
"../../../Engine/Plugins/Interchange/Runtime/Content/Pipelines/DefaultAssetsPipeline.uexp" 459
"../../../Engine/Plugins/Interchange/Runtime/Content/Functions/MX_UsdPreviewSurface.uasset" 460
"../../../Engine/Plugins/Interchange/Runtime/Content/Functions/MX_UsdPreviewSurface.uexp" 461
"../../../Engine/Plugins/Interchange/Runtime/Content/Functions/MX_UniformEDF.uasset" 462
"../../../Engine/Plugins/Interchange/Runtime/Content/Functions/MX_UniformEDF.uexp" 463
"../../../Engine/Plugins/Interchange/Runtime/Content/Functions/MX_TranslucentBSDF.uasset" 464
"../../../Engine/Plugins/Interchange/Runtime/Content/Functions/MX_TranslucentBSDF.uexp" 465
"../../../Engine/Plugins/Interchange/Runtime/Content/Functions/MX_ThinFilmBSDF.uasset" 466
"../../../Engine/Plugins/Interchange/Runtime/Content/Functions/MX_ThinFilmBSDF.uexp" 467
"../../../Engine/Plugins/Interchange/Runtime/Content/Functions/MX_SurfaceUnlit.uasset" 468
"../../../Engine/Plugins/Interchange/Runtime/Content/Functions/MX_SurfaceUnlit.uexp" 469
"../../../Engine/Plugins/Interchange/Runtime/Content/Functions/MX_Surface.uasset" 470
"../../../Engine/Plugins/Interchange/Runtime/Content/Functions/MX_Surface.uexp" 471
"../../../Engine/Plugins/Interchange/Runtime/Content/Functions/MX_SubsurfaceBSDF.uasset" 472
"../../../Engine/Plugins/Interchange/Runtime/Content/Functions/MX_SubsurfaceBSDF.uexp" 473
"../../../Engine/Plugins/Interchange/Runtime/Content/Functions/MX_SheenBSDF.uasset" 474
"../../../Engine/Plugins/Interchange/Runtime/Content/Functions/MX_SheenBSDF.uexp" 475
"../../../Engine/Plugins/Interchange/Runtime/Content/Functions/MX_OrenNayarBSDF.uasset" 476
"../../../Engine/Plugins/Interchange/Runtime/Content/Functions/MX_OrenNayarBSDF.uexp" 477
"../../../Engine/Content/Functions/Engine_MaterialFunctions01/Volumetrics/BeersLaw.uasset" 478
"../../../Engine/Content/Functions/Engine_MaterialFunctions01/Volumetrics/BeersLaw.uexp" 479
"../../../Engine/Content/EngineMaterials/Good64x64TilingNoiseHighFreq.uasset" 480
"../../../Engine/Content/EngineMaterials/Good64x64TilingNoiseHighFreq.uexp" 481
"../../../Engine/Content/Functions/Engine_MaterialFunctions02/Texturing/ScreenAlignedPixelToPixelUVs.uasset" 482
"../../../Engine/Content/Functions/Engine_MaterialFunctions02/Texturing/ScreenAlignedPixelToPixelUVs.uexp" 483
"../../../Engine/Plugins/Interchange/Runtime/Content/gltf/MaterialFunctions/MF_Temporal_Blur.uasset" 484
"../../../Engine/Plugins/Interchange/Runtime/Content/gltf/MaterialFunctions/MF_Temporal_Blur.uexp" 485
"../../../Engine/Plugins/Interchange/Runtime/Content/gltf/MaterialFunctions/MF_Fresnel_DS.uasset" 486
"../../../Engine/Plugins/Interchange/Runtime/Content/gltf/MaterialFunctions/MF_Fresnel_DS.uexp" 487
"../../../Engine/Content/Functions/Engine_MaterialFunctions02/Utility/BreakOutFloat3Components.uasset" 488
"../../../Engine/Content/Functions/Engine_MaterialFunctions02/Utility/BreakOutFloat3Components.uexp" 489
"../../../Engine/Plugins/Interchange/Runtime/Content/Functions/MX_Transmission.uasset" 490
"../../../Engine/Plugins/Interchange/Runtime/Content/Functions/MX_Transmission.uexp" 491
"../../../Engine/Plugins/Interchange/Runtime/Content/Functions/MF_OrenNayerView.uasset" 492
"../../../Engine/Plugins/Interchange/Runtime/Content/Functions/MF_OrenNayerView.uexp" 493
"../../../Engine/Plugins/Interchange/Runtime/Content/Functions/MF_SchlickApprox.uasset" 494
"../../../Engine/Plugins/Interchange/Runtime/Content/Functions/MF_SchlickApprox.uexp" 495
"../../../Engine/Plugins/Interchange/Runtime/Content/Utilities/New_LUT.uasset" 496
"../../../Engine/Plugins/Interchange/Runtime/Content/Utilities/New_LUT.uexp" 497
"../../../Engine/Content/Functions/Engine_MaterialFunctions03/Math/RemapValueRange.uasset" 498
"../../../Engine/Content/Functions/Engine_MaterialFunctions03/Math/RemapValueRange.uexp" 499
"../../../Engine/Plugins/Interchange/Runtime/Content/Functions/MF_Iridescence.uasset" 500
"../../../Engine/Plugins/Interchange/Runtime/Content/Functions/MF_Iridescence.uexp" 501
"../../../Engine/Plugins/Interchange/Runtime/Content/Functions/MX_StandardSurface.uasset" 502
"../../../Engine/Plugins/Interchange/Runtime/Content/Functions/MX_StandardSurface.uexp" 503
"../../../Engine/Plugins/Interchange/Runtime/Content/Functions/MX_TransmissionSurface.uasset" 504
"../../../Engine/Plugins/Interchange/Runtime/Content/Functions/MX_TransmissionSurface.uexp" 505
"../../../Engine/Plugins/Interchange/Runtime/Content/Functions/MX_OpenPBR_Translucent.uasset" 506
"../../../Engine/Plugins/Interchange/Runtime/Content/Functions/MX_OpenPBR_Translucent.uexp" 507
"../../../Engine/Plugins/Interchange/Runtime/Content/Functions/MX_OpenPBR_Opaque.uasset" 508
"../../../Engine/Plugins/Interchange/Runtime/Content/Functions/MX_OpenPBR_Opaque.uexp" 509
"../../../Engine/Plugins/Interchange/Runtime/Content/Functions/MX_MeasuredEDF.uasset" 510
"../../../Engine/Plugins/Interchange/Runtime/Content/Functions/MX_MeasuredEDF.uexp" 511
"../../../Engine/Plugins/Interchange/Runtime/Content/Functions/MX_GeneralizedSchlickBSDF.uasset" 512
"../../../Engine/Plugins/Interchange/Runtime/Content/Functions/MX_GeneralizedSchlickBSDF.uexp" 513
"../../../Engine/Plugins/Interchange/Runtime/Content/Functions/MX_DielectricBSDF.uasset" 514
"../../../Engine/Plugins/Interchange/Runtime/Content/Functions/MX_DielectricBSDF.uexp" 515
"../../../Engine/Plugins/Interchange/Runtime/Content/Functions/MX_ConicalEDF.uasset" 516
"../../../Engine/Plugins/Interchange/Runtime/Content/Functions/MX_ConicalEDF.uexp" 517
"../../../Engine/Plugins/Interchange/Runtime/Content/Functions/MX_ConductorBSDF.uasset" 518
"../../../Engine/Plugins/Interchange/Runtime/Content/Functions/MX_ConductorBSDF.uexp" 519
"../../../Engine/Plugins/Interchange/Runtime/Content/Functions/MX_BurleyDiffuseBSDF.uasset" 520
"../../../Engine/Plugins/Interchange/Runtime/Content/Functions/MX_BurleyDiffuseBSDF.uexp" 521
"../../../Engine/Plugins/Interchange/Runtime/Content/Functions/MX_AnisotropicVDF.uasset" 522
"../../../Engine/Plugins/Interchange/Runtime/Content/Functions/MX_AnisotropicVDF.uexp" 523
"../../../Engine/Plugins/Interchange/Runtime/Content/Functions/MX_AbsorptionVDF.uasset" 524
"../../../Engine/Plugins/Interchange/Runtime/Content/Functions/MX_AbsorptionVDF.uexp" 525
"../../../Engine/Plugins/Editor/SpeedTreeImporter/Content/SpeedTree9/game_wind_noise.ubulk" 526
"../../../Engine/Plugins/Editor/SpeedTreeImporter/Content/SpeedTree9/game_wind_noise.uasset" 527
"../../../Engine/Plugins/Editor/SpeedTreeImporter/Content/SpeedTree9/game_wind_noise.uexp" 528
"../../../Engine/Plugins/Editor/SpeedTreeImporter/Content/SpeedTree9/UnpackDirection.uasset" 529
"../../../Engine/Plugins/Editor/SpeedTreeImporter/Content/SpeedTree9/UnpackDirection.uexp" 530
"../../../Engine/Content/Functions/Engine_MaterialFunctions02/ObjectLocalBounds.uasset" 531
"../../../Engine/Content/Functions/Engine_MaterialFunctions02/ObjectLocalBounds.uexp" 532
"../../../Engine/Content/Functions/Engine_MaterialFunctions02/UVs/BoundingBoxBased_0-1_UVW.uasset" 533
"../../../Engine/Content/Functions/Engine_MaterialFunctions02/UVs/BoundingBoxBased_0-1_UVW.uexp" 534
"../../../Engine/Content/Functions/Engine_MaterialFunctions02/Utility/VectorLength.uasset" 535
"../../../Engine/Content/Functions/Engine_MaterialFunctions02/Utility/VectorLength.uexp" 536
"../../../Engine/Plugins/Editor/SpeedTreeImporter/Content/SpeedTree9/UnpackInteger3.uasset" 537
"../../../Engine/Plugins/Editor/SpeedTreeImporter/Content/SpeedTree9/UnpackInteger3.uexp" 538
"../../../Engine/Plugins/Editor/SpeedTreeImporter/Content/SpeedTree9/SpeedTreeCameraFacing.uasset" 539
"../../../Engine/Plugins/Editor/SpeedTreeImporter/Content/SpeedTree9/SpeedTreeCameraFacing.uexp" 540
"../../../Engine/Content/Functions/Engine_MaterialFunctions02/WorldPositionOffset/ObjectScale.uasset" 541
"../../../Engine/Content/Functions/Engine_MaterialFunctions02/WorldPositionOffset/ObjectScale.uexp" 542
"../../../Engine/Content/Functions/Engine_MaterialFunctions02/SafeNormalize.uasset" 543
"../../../Engine/Content/Functions/Engine_MaterialFunctions02/SafeNormalize.uexp" 544
"../../../Engine/Plugins/Editor/SpeedTreeImporter/Content/SpeedTree9/SpeedTreeWindMotion.uasset" 545
"../../../Engine/Plugins/Editor/SpeedTreeImporter/Content/SpeedTree9/SpeedTreeWindMotion.uexp" 546
"../../../Engine/Plugins/Editor/SpeedTreeImporter/Content/SpeedTree9/SpeedTreeBranchMotion.uasset" 547
"../../../Engine/Plugins/Editor/SpeedTreeImporter/Content/SpeedTree9/SpeedTreeBranchMotion.uexp" 548
"../../../Engine/Plugins/Editor/SpeedTreeImporter/Content/SpeedTree9/SpeedTreeWind.uasset" 549
"../../../Engine/Plugins/Editor/SpeedTreeImporter/Content/SpeedTree9/SpeedTreeWind.uexp" 550
"../../../Engine/Plugins/Editor/SpeedTreeImporter/Content/SpeedTree9/EmptyNormal.uasset" 551
"../../../Engine/Plugins/Editor/SpeedTreeImporter/Content/SpeedTree9/EmptyNormal.uexp" 552
"../../../Engine/Plugins/Editor/SpeedTreeImporter/Content/SpeedTree9/Empty.uasset" 553
"../../../Engine/Plugins/Editor/SpeedTreeImporter/Content/SpeedTree9/Empty.uexp" 554
"../../../Engine/Plugins/Editor/SpeedTreeImporter/Content/SpeedTree9/SpeedTreeMaster.uasset" 555
"../../../Engine/Plugins/Editor/SpeedTreeImporter/Content/SpeedTree9/SpeedTreeMaster.uexp" 556
"../../../Engine/Plugins/Editor/SpeedTreeImporter/Content/SpeedTree9/SpeedTreeBillboard.uasset" 557
"../../../Engine/Plugins/Editor/SpeedTreeImporter/Content/SpeedTree9/SpeedTreeBillboard.uexp" 558
"../../../Engine/Plugins/Editor/SpeedTreeImporter/Content/SpeedTree9/SpeedTreeBillboardMaster.uasset" 559
"../../../Engine/Plugins/Editor/SpeedTreeImporter/Content/SpeedTree9/SpeedTreeBillboardMaster.uexp" 560
"../../../Engine/Plugins/Animation/ControlRig/Content/Controls/ControlRig_Wedge_solid.ubulk" 561
"../../../Engine/Plugins/Animation/ControlRig/Content/Controls/ControlRig_Wedge_solid.uasset" 562
"../../../Engine/Plugins/Animation/ControlRig/Content/Controls/ControlRig_Wedge_solid.uexp" 563
"../../../Engine/Plugins/Animation/ControlRig/Content/Controls/ControlRig_Wedge_3mm.ubulk" 564
"../../../Engine/Plugins/Animation/ControlRig/Content/Controls/ControlRig_Wedge_3mm.uasset" 565
"../../../Engine/Plugins/Animation/ControlRig/Content/Controls/ControlRig_Wedge_3mm.uexp" 566
"../../../Engine/Plugins/Animation/ControlRig/Content/Controls/ControlRig_Wedge_1mm.ubulk" 567
"../../../Engine/Plugins/Animation/ControlRig/Content/Controls/ControlRig_Wedge_1mm.uasset" 568
"../../../Engine/Plugins/Animation/ControlRig/Content/Controls/ControlRig_Wedge_1mm.uexp" 569
"../../../Engine/Plugins/Animation/ControlRig/Content/Controls/ControlRig_Triangle_solid.ubulk" 570
"../../../Engine/Plugins/Animation/ControlRig/Content/Controls/ControlRig_Triangle_solid.uasset" 571
"../../../Engine/Plugins/Animation/ControlRig/Content/Controls/ControlRig_Triangle_solid.uexp" 572
"../../../Engine/Plugins/Animation/ControlRig/Content/Controls/ControlRig_Triangle_3mm.ubulk" 573
"../../../Engine/Plugins/Animation/ControlRig/Content/Controls/ControlRig_Triangle_3mm.uasset" 574
"../../../Engine/Plugins/Animation/ControlRig/Content/Controls/ControlRig_Triangle_3mm.uexp" 575
"../../../Engine/Plugins/Animation/ControlRig/Content/Controls/ControlRig_Triangle_1mm.ubulk" 576
"../../../Engine/Plugins/Animation/ControlRig/Content/Controls/ControlRig_Triangle_1mm.uasset" 577
"../../../Engine/Plugins/Animation/ControlRig/Content/Controls/ControlRig_Triangle_1mm.uexp" 578
"../../../Engine/Plugins/Animation/ControlRig/Content/Controls/ControlRig_Star4_solid.ubulk" 579
"../../../Engine/Plugins/Animation/ControlRig/Content/Controls/ControlRig_Star4_solid.uasset" 580
"../../../Engine/Plugins/Animation/ControlRig/Content/Controls/ControlRig_Star4_solid.uexp" 581
"../../../Engine/Plugins/Animation/ControlRig/Content/Controls/ControlRig_Star4_3mm.ubulk" 582
"../../../Engine/Plugins/Animation/ControlRig/Content/Controls/ControlRig_Star4_3mm.uasset" 583
"../../../Engine/Plugins/Animation/ControlRig/Content/Controls/ControlRig_Star4_3mm.uexp" 584
"../../../Engine/Plugins/Animation/ControlRig/Content/Controls/ControlRig_Star4_1mm.ubulk" 585
"../../../Engine/Plugins/Animation/ControlRig/Content/Controls/ControlRig_Star4_1mm.uasset" 586
"../../../Engine/Plugins/Animation/ControlRig/Content/Controls/ControlRig_Star4_1mm.uexp" 587
"../../../Engine/Plugins/Animation/ControlRig/Content/Controls/ControlRig_Square_solid.ubulk" 588
"../../../Engine/Plugins/Animation/ControlRig/Content/Controls/ControlRig_Square_solid.uasset" 589
"../../../Engine/Plugins/Animation/ControlRig/Content/Controls/ControlRig_Square_solid.uexp" 590
"../../../Engine/Plugins/Animation/ControlRig/Content/Controls/ControlRig_Square_3mm.ubulk" 591
"../../../Engine/Plugins/Animation/ControlRig/Content/Controls/ControlRig_Square_3mm.uasset" 592
"../../../Engine/Plugins/Animation/ControlRig/Content/Controls/ControlRig_Square_3mm.uexp" 593
"../../../Engine/Plugins/Animation/ControlRig/Content/Controls/ControlRig_Square_1mm.ubulk" 594
"../../../Engine/Plugins/Animation/ControlRig/Content/Controls/ControlRig_Square_1mm.uasset" 595
"../../../Engine/Plugins/Animation/ControlRig/Content/Controls/ControlRig_Square_1mm.uexp" 596
"../../../Engine/Plugins/Animation/ControlRig/Content/Controls/ControlRig_Sphere_solid.ubulk" 597
"../../../Engine/Plugins/Animation/ControlRig/Content/Controls/ControlRig_Sphere_solid.uasset" 598
"../../../Engine/Plugins/Animation/ControlRig/Content/Controls/ControlRig_Sphere_solid.uexp" 599
"../../../Engine/Plugins/Animation/ControlRig/Content/Controls/ControlRig_Sphere_3mm.ubulk" 600
"../../../Engine/Plugins/Animation/ControlRig/Content/Controls/ControlRig_Sphere_3mm.uasset" 601
"../../../Engine/Plugins/Animation/ControlRig/Content/Controls/ControlRig_Sphere_3mm.uexp" 602
"../../../Engine/Plugins/Animation/ControlRig/Content/Controls/ControlRig_Sphere_1mm.ubulk" 603
"../../../Engine/Plugins/Animation/ControlRig/Content/Controls/ControlRig_Sphere_1mm.uasset" 604
"../../../Engine/Plugins/Animation/ControlRig/Content/Controls/ControlRig_Sphere_1mm.uexp" 605
"../../../Engine/Plugins/Animation/ControlRig/Content/Controls/ControlRig_RoundedTriangle_solid.ubulk" 606
"../../../Engine/Plugins/Animation/ControlRig/Content/Controls/ControlRig_RoundedTriangle_solid.uasset" 607
"../../../Engine/Plugins/Animation/ControlRig/Content/Controls/ControlRig_RoundedTriangle_solid.uexp" 608
"../../../Engine/Plugins/Animation/ControlRig/Content/Controls/ControlRig_RoundedTriangle_3mm.ubulk" 609
"../../../Engine/Plugins/Animation/ControlRig/Content/Controls/ControlRig_RoundedTriangle_3mm.uasset" 610
"../../../Engine/Plugins/Animation/ControlRig/Content/Controls/ControlRig_RoundedTriangle_3mm.uexp" 611
"../../../Engine/Plugins/Animation/ControlRig/Content/Controls/ControlRig_RoundedTriangle_1mm.ubulk" 612
"../../../Engine/Plugins/Animation/ControlRig/Content/Controls/ControlRig_RoundedTriangle_1mm.uasset" 613
"../../../Engine/Plugins/Animation/ControlRig/Content/Controls/ControlRig_RoundedTriangle_1mm.uexp" 614
"../../../Engine/Plugins/Animation/ControlRig/Content/Controls/ControlRig_RoundedSquare_solid.ubulk" 615
"../../../Engine/Plugins/Animation/ControlRig/Content/Controls/ControlRig_RoundedSquare_solid.uasset" 616
"../../../Engine/Plugins/Animation/ControlRig/Content/Controls/ControlRig_RoundedSquare_solid.uexp" 617
"../../../Engine/Plugins/Animation/ControlRig/Content/Controls/ControlRig_RoundedSquare_3mm.ubulk" 618
"../../../Engine/Plugins/Animation/ControlRig/Content/Controls/ControlRig_RoundedSquare_3mm.uasset" 619
"../../../Engine/Plugins/Animation/ControlRig/Content/Controls/ControlRig_RoundedSquare_3mm.uexp" 620
"../../../Engine/Plugins/Animation/ControlRig/Content/Controls/ControlRig_RoundedSquare_1mm.ubulk" 621
"../../../Engine/Plugins/Animation/ControlRig/Content/Controls/ControlRig_RoundedSquare_1mm.uasset" 622
"../../../Engine/Plugins/Animation/ControlRig/Content/Controls/ControlRig_RoundedSquare_1mm.uexp" 623
"../../../Engine/Plugins/Animation/ControlRig/Content/Controls/ControlRig_QuarterCircle_solid.ubulk" 624
"../../../Engine/Plugins/Animation/ControlRig/Content/Controls/ControlRig_QuarterCircle_solid.uasset" 625
"../../../Engine/Plugins/Animation/ControlRig/Content/Controls/ControlRig_QuarterCircle_solid.uexp" 626
"../../../Engine/Plugins/Animation/ControlRig/Content/Controls/ControlRig_QuarterCircle_3mm.ubulk" 627
"../../../Engine/Plugins/Animation/ControlRig/Content/Controls/ControlRig_QuarterCircle_3mm.uasset" 628
"../../../Engine/Plugins/Animation/ControlRig/Content/Controls/ControlRig_QuarterCircle_3mm.uexp" 629
"../../../Engine/Plugins/Animation/ControlRig/Content/Controls/ControlRig_QuarterCircle_1mm.ubulk" 630
"../../../Engine/Plugins/Animation/ControlRig/Content/Controls/ControlRig_QuarterCircle_1mm.uasset" 631
"../../../Engine/Plugins/Animation/ControlRig/Content/Controls/ControlRig_QuarterCircle_1mm.uexp" 632
"../../../Engine/Plugins/Animation/ControlRig/Content/Controls/ControlRig_Pyramid_solid.ubulk" 633
"../../../Engine/Plugins/Animation/ControlRig/Content/Controls/ControlRig_Pyramid_solid.uasset" 634
"../../../Engine/Plugins/Animation/ControlRig/Content/Controls/ControlRig_Pyramid_solid.uexp" 635
"../../../Engine/Plugins/Animation/ControlRig/Content/Controls/ControlRig_Pyramid_3mm.ubulk" 636
"../../../Engine/Plugins/Animation/ControlRig/Content/Controls/ControlRig_Pyramid_3mm.uasset" 637
"../../../Engine/Plugins/Animation/ControlRig/Content/Controls/ControlRig_Pyramid_3mm.uexp" 638
"../../../Engine/Plugins/Animation/ControlRig/Content/Controls/ControlRig_Pyramid_1mm.ubulk" 639
"../../../Engine/Plugins/Animation/ControlRig/Content/Controls/ControlRig_Pyramid_1mm.uasset" 640
"../../../Engine/Plugins/Animation/ControlRig/Content/Controls/ControlRig_Pyramid_1mm.uexp" 641
"../../../Engine/Plugins/Animation/ControlRig/Content/Controls/ControlRig_Octagon_solid.ubulk" 642
"../../../Engine/Plugins/Animation/ControlRig/Content/Controls/ControlRig_Octagon_solid.uasset" 643
"../../../Engine/Plugins/Animation/ControlRig/Content/Controls/ControlRig_Octagon_solid.uexp" 644
"../../../Engine/Plugins/Animation/ControlRig/Content/Controls/ControlRig_Octagon_3mm.ubulk" 645
"../../../Engine/Plugins/Animation/ControlRig/Content/Controls/ControlRig_Octagon_3mm.uasset" 646
"../../../Engine/Plugins/Animation/ControlRig/Content/Controls/ControlRig_Octagon_3mm.uexp" 647
"../../../Engine/Plugins/Animation/ControlRig/Content/Controls/ControlRig_Octagon_1mm.ubulk" 648
"../../../Engine/Plugins/Animation/ControlRig/Content/Controls/ControlRig_Octagon_1mm.uasset" 649
"../../../Engine/Plugins/Animation/ControlRig/Content/Controls/ControlRig_Octagon_1mm.uexp" 650
"../../../Engine/Plugins/Animation/ControlRig/Content/Controls/ControlRig_Hexagon_solid.ubulk" 651
"../../../Engine/Plugins/Animation/ControlRig/Content/Controls/ControlRig_Hexagon_solid.uasset" 652
"../../../Engine/Plugins/Animation/ControlRig/Content/Controls/ControlRig_Hexagon_solid.uexp" 653
"../../../Engine/Plugins/Animation/ControlRig/Content/Controls/ControlRig_Hexagon_3mm.ubulk" 654
"../../../Engine/Plugins/Animation/ControlRig/Content/Controls/ControlRig_Hexagon_3mm.uasset" 655
"../../../Engine/Plugins/Animation/ControlRig/Content/Controls/ControlRig_Hexagon_3mm.uexp" 656
"../../../Engine/Plugins/Animation/ControlRig/Content/Controls/ControlRig_Hexagon_1mm.ubulk" 657
"../../../Engine/Plugins/Animation/ControlRig/Content/Controls/ControlRig_Hexagon_1mm.uasset" 658
"../../../Engine/Plugins/Animation/ControlRig/Content/Controls/ControlRig_Hexagon_1mm.uexp" 659
"../../../Engine/Plugins/Animation/ControlRig/Content/Controls/ControlRig_HalfCircle_solid.ubulk" 660
"../../../Engine/Plugins/Animation/ControlRig/Content/Controls/ControlRig_HalfCircle_solid.uasset" 661
"../../../Engine/Plugins/Animation/ControlRig/Content/Controls/ControlRig_HalfCircle_solid.uexp" 662
"../../../Engine/Plugins/Animation/ControlRig/Content/Controls/ControlRig_HalfCircle_3mm.ubulk" 663
"../../../Engine/Plugins/Animation/ControlRig/Content/Controls/ControlRig_HalfCircle_3mm.uasset" 664
"../../../Engine/Plugins/Animation/ControlRig/Content/Controls/ControlRig_HalfCircle_3mm.uexp" 665
"../../../Engine/Plugins/Animation/ControlRig/Content/Controls/ControlRig_HalfCircle_1mm.ubulk" 666
"../../../Engine/Plugins/Animation/ControlRig/Content/Controls/ControlRig_HalfCircle_1mm.uasset" 667
"../../../Engine/Plugins/Animation/ControlRig/Content/Controls/ControlRig_HalfCircle_1mm.uexp" 668
"../../../Engine/Plugins/Animation/ControlRig/Content/Controls/ControlRig_Diamond_solid.ubulk" 669
"../../../Engine/Plugins/Animation/ControlRig/Content/Controls/ControlRig_Diamond_solid.uasset" 670
"../../../Engine/Plugins/Animation/ControlRig/Content/Controls/ControlRig_Diamond_solid.uexp" 671
"../../../Engine/Plugins/Animation/ControlRig/Content/Controls/ControlRig_Diamond_3mm.ubulk" 672
"../../../Engine/Plugins/Animation/ControlRig/Content/Controls/ControlRig_Diamond_3mm.uasset" 673
"../../../Engine/Plugins/Animation/ControlRig/Content/Controls/ControlRig_Diamond_3mm.uexp" 674
"../../../Engine/Plugins/Animation/ControlRig/Content/Controls/ControlRig_Diamond_1mm.ubulk" 675
"../../../Engine/Plugins/Animation/ControlRig/Content/Controls/ControlRig_Diamond_1mm.uasset" 676
"../../../Engine/Plugins/Animation/ControlRig/Content/Controls/ControlRig_Diamond_1mm.uexp" 677
"../../../Engine/Plugins/Animation/ControlRig/Content/Controls/ControlRig_Circle_solid.ubulk" 678
"../../../Engine/Plugins/Animation/ControlRig/Content/Controls/ControlRig_Circle_solid.uasset" 679
"../../../Engine/Plugins/Animation/ControlRig/Content/Controls/ControlRig_Circle_solid.uexp" 680
"../../../Engine/Plugins/Animation/ControlRig/Content/Controls/ControlRig_Circle_3mm.ubulk" 681
"../../../Engine/Plugins/Animation/ControlRig/Content/Controls/ControlRig_Circle_3mm.uasset" 682
"../../../Engine/Plugins/Animation/ControlRig/Content/Controls/ControlRig_Circle_3mm.uexp" 683
"../../../Engine/Plugins/Animation/ControlRig/Content/Controls/ControlRig_Circle_1mm.ubulk" 684
"../../../Engine/Plugins/Animation/ControlRig/Content/Controls/ControlRig_Circle_1mm.uasset" 685
"../../../Engine/Plugins/Animation/ControlRig/Content/Controls/ControlRig_Circle_1mm.uexp" 686
"../../../Engine/Plugins/Animation/ControlRig/Content/Controls/ControlRig_Box_solid.ubulk" 687
"../../../Engine/Plugins/Animation/ControlRig/Content/Controls/ControlRig_Box_solid.uasset" 688
"../../../Engine/Plugins/Animation/ControlRig/Content/Controls/ControlRig_Box_solid.uexp" 689
"../../../Engine/Plugins/Animation/ControlRig/Content/Controls/ControlRig_Box_3mm.ubulk" 690
"../../../Engine/Plugins/Animation/ControlRig/Content/Controls/ControlRig_Box_3mm.uasset" 691
"../../../Engine/Plugins/Animation/ControlRig/Content/Controls/ControlRig_Box_3mm.uexp" 692
"../../../Engine/Plugins/Animation/ControlRig/Content/Controls/ControlRig_Box_1mm.ubulk" 693
"../../../Engine/Plugins/Animation/ControlRig/Content/Controls/ControlRig_Box_1mm.uasset" 694
"../../../Engine/Plugins/Animation/ControlRig/Content/Controls/ControlRig_Box_1mm.uexp" 695
"../../../Engine/Plugins/Animation/ControlRig/Content/Controls/ControlRig_Arrow_solid.ubulk" 696
"../../../Engine/Plugins/Animation/ControlRig/Content/Controls/ControlRig_Arrow_solid.uasset" 697
"../../../Engine/Plugins/Animation/ControlRig/Content/Controls/ControlRig_Arrow_solid.uexp" 698
"../../../Engine/Plugins/Animation/ControlRig/Content/Controls/ControlRig_Arrow_3mm.ubulk" 699
"../../../Engine/Plugins/Animation/ControlRig/Content/Controls/ControlRig_Arrow_3mm.uasset" 700
"../../../Engine/Plugins/Animation/ControlRig/Content/Controls/ControlRig_Arrow_3mm.uexp" 701
"../../../Engine/Plugins/Animation/ControlRig/Content/Controls/ControlRig_Arrow_1mm.ubulk" 702
"../../../Engine/Plugins/Animation/ControlRig/Content/Controls/ControlRig_Arrow_1mm.uasset" 703
"../../../Engine/Plugins/Animation/ControlRig/Content/Controls/ControlRig_Arrow_1mm.uexp" 704
"../../../Engine/Plugins/Animation/ControlRig/Content/Controls/ControlRig_Arrow4_solid.ubulk" 705
"../../../Engine/Plugins/Animation/ControlRig/Content/Controls/ControlRig_Arrow4_solid.uasset" 706
"../../../Engine/Plugins/Animation/ControlRig/Content/Controls/ControlRig_Arrow4_solid.uexp" 707
"../../../Engine/Plugins/Animation/ControlRig/Content/Controls/ControlRig_Arrow4_3mm.ubulk" 708
"../../../Engine/Plugins/Animation/ControlRig/Content/Controls/ControlRig_Arrow4_3mm.uasset" 709
"../../../Engine/Plugins/Animation/ControlRig/Content/Controls/ControlRig_Arrow4_3mm.uexp" 710
"../../../Engine/Plugins/Animation/ControlRig/Content/Controls/ControlRig_Arrow4_1mm.ubulk" 711
"../../../Engine/Plugins/Animation/ControlRig/Content/Controls/ControlRig_Arrow4_1mm.uasset" 712
"../../../Engine/Plugins/Animation/ControlRig/Content/Controls/ControlRig_Arrow4_1mm.uexp" 713
"../../../Engine/Plugins/Animation/ControlRig/Content/Controls/ControlRig_Arrow2_solid.ubulk" 714
"../../../Engine/Plugins/Animation/ControlRig/Content/Controls/ControlRig_Arrow2_solid.uasset" 715
"../../../Engine/Plugins/Animation/ControlRig/Content/Controls/ControlRig_Arrow2_solid.uexp" 716
"../../../Engine/Plugins/Animation/ControlRig/Content/Controls/ControlRig_Arrow2_3mm.ubulk" 717
"../../../Engine/Plugins/Animation/ControlRig/Content/Controls/ControlRig_Arrow2_3mm.uasset" 718
"../../../Engine/Plugins/Animation/ControlRig/Content/Controls/ControlRig_Arrow2_3mm.uexp" 719
"../../../Engine/Plugins/Animation/ControlRig/Content/Controls/ControlRig_Arrow2_1mm.ubulk" 720
"../../../Engine/Plugins/Animation/ControlRig/Content/Controls/ControlRig_Arrow2_1mm.uasset" 721
"../../../Engine/Plugins/Animation/ControlRig/Content/Controls/ControlRig_Arrow2_1mm.uexp" 722
"../../../Engine/Plugins/Animation/ControlRig/Content/Controls/ControlRigXRayMaterial.uasset" 723
"../../../Engine/Plugins/Animation/ControlRig/Content/Controls/ControlRigXRayMaterial.uexp" 724
"../../../Engine/Plugins/Animation/ControlRig/Content/Controls/ControlRigGizmoMaterial.uasset" 725
"../../../Engine/Plugins/Animation/ControlRig/Content/Controls/ControlRigGizmoMaterial.uexp" 726
"../../../Engine/Content/VREditor/TransformGizmo/StartRotationHandleIndicator.ubulk" 727
"../../../Engine/Content/VREditor/TransformGizmo/StartRotationHandleIndicator.uasset" 728
"../../../Engine/Content/VREditor/TransformGizmo/StartRotationHandleIndicator.uexp" 729
"../../../Engine/Content/VREditor/Sounds/UI/Drop_Item_From_ContentBrowser.ubulk" 730
"../../../Engine/Content/VREditor/Sounds/UI/Drop_Item_From_ContentBrowser.uasset" 731
"../../../Engine/Content/VREditor/Sounds/UI/Drop_Item_From_ContentBrowser.uexp" 732
"../../../Engine/Content/VREditor/TransformGizmo/PlaneTranslationHandle.ubulk" 733
"../../../Engine/Content/VREditor/TransformGizmo/PlaneTranslationHandle.uasset" 734
"../../../Engine/Content/VREditor/TransformGizmo/PlaneTranslationHandle.uexp" 735
"../../../Engine/Content/VREditor/Sounds/UI/Object_Snaps_To_Grid.ubulk" 736
"../../../Engine/Content/VREditor/Sounds/UI/Object_Snaps_To_Grid.uasset" 737
"../../../Engine/Content/VREditor/Sounds/UI/Object_Snaps_To_Grid.uexp" 738
"../../../Engine/Content/VREditor/Sounds/UI/Selection_Changes.ubulk" 739
"../../../Engine/Content/VREditor/Sounds/UI/Selection_Changes.uasset" 740
"../../../Engine/Content/VREditor/Sounds/UI/Selection_Changes.uexp" 741
"../../../Engine/Content/VREditor/Sounds/UI/Object_Snaps_To_Another_Actor.ubulk" 742
"../../../Engine/Content/VREditor/Sounds/UI/Object_Snaps_To_Another_Actor.uasset" 743
"../../../Engine/Content/VREditor/Sounds/UI/Object_Snaps_To_Another_Actor.uexp" 744
"../../../Engine/Content/VREditor/TransformGizmo/TranslucentTransformGizmoMaterial_Inst.uasset" 745
"../../../Engine/Content/VREditor/TransformGizmo/TranslucentTransformGizmoMaterial_Inst.uexp" 746
"../../../Engine/Content/VREditor/TransformGizmo/TransformGizmoFreeRotation.ubulk" 747
"../../../Engine/Content/VREditor/TransformGizmo/TransformGizmoFreeRotation.uasset" 748
"../../../Engine/Content/VREditor/TransformGizmo/TransformGizmoFreeRotation.uexp" 749
"../../../Engine/Content/VREditor/Sounds/UI/Scaling_Down.ubulk" 750
"../../../Engine/Content/VREditor/Sounds/UI/Scaling_Down.uasset" 751
"../../../Engine/Content/VREditor/Sounds/UI/Scaling_Down.uexp" 752
"../../../Engine/Content/Functions/Engine_MaterialFunctions02/Math/Transform3x3Matrix.uasset" 753
"../../../Engine/Content/Functions/Engine_MaterialFunctions02/Math/Transform3x3Matrix.uexp" 754
"../../../Engine/Content/Functions/Engine_MaterialFunctions02/SplitComponents.uasset" 755
"../../../Engine/Content/Functions/Engine_MaterialFunctions02/SplitComponents.uexp" 756
"../../../Engine/Content/Functions/Engine_MaterialFunctions02/Utility/MakeFloat3.uasset" 757
"../../../Engine/Content/Functions/Engine_MaterialFunctions02/Utility/MakeFloat3.uexp" 758
"../../../Engine/Content/VREditor/SnapGrid/SnapGridMaterial.uasset" 759
"../../../Engine/Content/VREditor/SnapGrid/SnapGridMaterial.uexp" 760
"../../../Engine/Content/VREditor/SnapGrid/SnapGridPlaneMesh.ubulk" 761
"../../../Engine/Content/VREditor/SnapGrid/SnapGridPlaneMesh.uasset" 762
"../../../Engine/Content/VREditor/SnapGrid/SnapGridPlaneMesh.uexp" 763
"../../../Engine/Content/VREditor/Sounds/UI/Scaling_Up.ubulk" 764
"../../../Engine/Content/VREditor/Sounds/UI/Scaling_Up.uasset" 765
"../../../Engine/Content/VREditor/Sounds/UI/Scaling_Up.uexp" 766
"../../../Engine/Content/VREditor/TransformGizmo/TransformGizmoMaterial_Inst.uasset" 767
"../../../Engine/Content/VREditor/TransformGizmo/TransformGizmoMaterial_Inst.uexp" 768
"../../../Engine/Content/VREditor/Sounds/UI/Gizmo_Handle_Clicked.ubulk" 769
"../../../Engine/Content/VREditor/Sounds/UI/Gizmo_Handle_Clicked.uasset" 770
"../../../Engine/Content/VREditor/Sounds/UI/Gizmo_Handle_Clicked.uexp" 771
"../../../Engine/Content/VREditor/TransformGizmo/RotationHandleQuarter.ubulk" 772
"../../../Engine/Content/VREditor/TransformGizmo/RotationHandleQuarter.uasset" 773
"../../../Engine/Content/VREditor/TransformGizmo/RotationHandleQuarter.uexp" 774
"../../../Engine/Content/VREditor/TransformGizmo/TranslateArrowHandle.ubulk" 775
"../../../Engine/Content/VREditor/TransformGizmo/TranslateArrowHandle.uasset" 776
"../../../Engine/Content/VREditor/TransformGizmo/TranslateArrowHandle.uexp" 777
"../../../Engine/Content/VREditor/TransformGizmo/RotationHandleIndicator.ubulk" 778
"../../../Engine/Content/VREditor/TransformGizmo/RotationHandleIndicator.uasset" 779
"../../../Engine/Content/VREditor/TransformGizmo/RotationHandleIndicator.uexp" 780
"../../../Engine/Content/VREditor/TransformGizmo/UniformScaleHandle.ubulk" 781
"../../../Engine/Content/VREditor/TransformGizmo/UniformScaleHandle.uasset" 782
"../../../Engine/Content/VREditor/TransformGizmo/UniformScaleHandle.uexp" 783
"../../../Engine/Content/VREditor/TransformGizmo/RotationHandleFull.ubulk" 784
"../../../Engine/Content/VREditor/TransformGizmo/RotationHandleFull.uasset" 785
"../../../Engine/Content/VREditor/TransformGizmo/RotationHandleFull.uexp" 786
"../../../Engine/Content/VREditor/Sounds/UI/Object_PickUp.ubulk" 787
"../../../Engine/Content/VREditor/Sounds/UI/Object_PickUp.uasset" 788
"../../../Engine/Content/VREditor/Sounds/UI/Object_PickUp.uexp" 789
"../../../Engine/Content/EngineSounds/Master.uasset" 790
"../../../Engine/Content/EngineSounds/Master.uexp" 791
"../../../Engine/Plugins/Interchange/Runtime/Content/gltf/MaterialFunctions/MF_RotateV2.uasset" 792
"../../../Engine/Plugins/Interchange/Runtime/Content/gltf/MaterialFunctions/MF_RotateV2.uexp" 793
"../../../Engine/Plugins/Interchange/Runtime/Content/gltf/MaterialFunctions/MF_TransformUVs.uasset" 794
"../../../Engine/Plugins/Interchange/Runtime/Content/gltf/MaterialFunctions/MF_TransformUVs.uexp" 795
"../../../Engine/Plugins/Interchange/Runtime/Content/gltf/Textures/T_White_srgb.uasset" 796
"../../../Engine/Plugins/Interchange/Runtime/Content/gltf/Textures/T_White_srgb.uexp" 797
"../../../Engine/Plugins/Interchange/Runtime/Content/gltf/MaterialFunctions/MF_BaseColor.uasset" 798
"../../../Engine/Plugins/Interchange/Runtime/Content/gltf/MaterialFunctions/MF_BaseColor.uexp" 799
"../../../Engine/Plugins/Interchange/Runtime/Content/gltf/MaterialBodies/MF_Unlit_Body.uasset" 800
"../../../Engine/Plugins/Interchange/Runtime/Content/gltf/MaterialBodies/MF_Unlit_Body.uexp" 801
"../../../Engine/Plugins/Interchange/Runtime/Content/gltf/M_Unlit.uasset" 802
"../../../Engine/Plugins/Interchange/Runtime/Content/gltf/M_Unlit.uexp" 803
"../../../Engine/Plugins/Interchange/Runtime/Content/gltf/MaterialInstances/MI_Unlit_Opaque_DS.uasset" 804
"../../../Engine/Plugins/Interchange/Runtime/Content/gltf/MaterialInstances/MI_Unlit_Opaque_DS.uexp" 805
"../../../Engine/Plugins/Interchange/Runtime/Content/gltf/MaterialInstances/MI_Unlit_Opaque.uasset" 806
"../../../Engine/Plugins/Interchange/Runtime/Content/gltf/MaterialInstances/MI_Unlit_Opaque.uexp" 807
"../../../Engine/Plugins/Interchange/Runtime/Content/gltf/MaterialInstances/MI_Unlit_Mask_DS.uasset" 808
"../../../Engine/Plugins/Interchange/Runtime/Content/gltf/MaterialInstances/MI_Unlit_Mask_DS.uexp" 809
"../../../Engine/Plugins/Interchange/Runtime/Content/gltf/MaterialInstances/MI_Unlit_Mask.uasset" 810
"../../../Engine/Plugins/Interchange/Runtime/Content/gltf/MaterialInstances/MI_Unlit_Mask.uexp" 811
"../../../Engine/Plugins/Interchange/Runtime/Content/gltf/MaterialInstances/MI_Unlit_Blend_DS.uasset" 812
"../../../Engine/Plugins/Interchange/Runtime/Content/gltf/MaterialInstances/MI_Unlit_Blend_DS.uexp" 813
"../../../Engine/Plugins/Interchange/Runtime/Content/gltf/MaterialInstances/MI_Unlit_Blend.uasset" 814
"../../../Engine/Plugins/Interchange/Runtime/Content/gltf/MaterialInstances/MI_Unlit_Blend.uexp" 815
"../../../Engine/Plugins/Interchange/Runtime/Content/gltf/MaterialFunctions/MF_Iridescence.uasset" 816
"../../../Engine/Plugins/Interchange/Runtime/Content/gltf/MaterialFunctions/MF_Iridescence.uexp" 817
"../../../Engine/Plugins/Interchange/Runtime/Content/gltf/Textures/T_White_Linear.uasset" 818
"../../../Engine/Plugins/Interchange/Runtime/Content/gltf/Textures/T_White_Linear.uexp" 819
"../../../Engine/Plugins/Interchange/Runtime/Content/gltf/MaterialFunctions/MF_MetallicRoughness.uasset" 820
"../../../Engine/Plugins/Interchange/Runtime/Content/gltf/MaterialFunctions/MF_MetallicRoughness.uexp" 821
"../../../Engine/Plugins/Interchange/Runtime/Content/gltf/MaterialFunctions/MF_Transmission.uasset" 822
"../../../Engine/Plugins/Interchange/Runtime/Content/gltf/MaterialFunctions/MF_Transmission.uexp" 823
"../../../Engine/Plugins/Interchange/Runtime/Content/gltf/MaterialFunctions/MF_Occlusion.uasset" 824
"../../../Engine/Plugins/Interchange/Runtime/Content/gltf/MaterialFunctions/MF_Occlusion.uexp" 825
"../../../Engine/Plugins/Interchange/Runtime/Content/gltf/MaterialFunctions/MF_Specular.uasset" 826
"../../../Engine/Plugins/Interchange/Runtime/Content/gltf/MaterialFunctions/MF_Specular.uexp" 827
"../../../Engine/Plugins/Interchange/Runtime/Content/gltf/MaterialFunctions/MF_IOR.uasset" 828
"../../../Engine/Plugins/Interchange/Runtime/Content/gltf/MaterialFunctions/MF_IOR.uexp" 829
"../../../Engine/Plugins/Interchange/Runtime/Content/gltf/MaterialFunctions/MF_RotateNormals_TS.uasset" 830
"../../../Engine/Plugins/Interchange/Runtime/Content/gltf/MaterialFunctions/MF_RotateNormals_TS.uexp" 831
"../../../Engine/Plugins/Interchange/Runtime/Content/gltf/Textures/T_Generic_N.uasset" 832
"../../../Engine/Plugins/Interchange/Runtime/Content/gltf/Textures/T_Generic_N.uexp" 833
"../../../Engine/Plugins/Interchange/Runtime/Content/gltf/MaterialFunctions/MF_Normals.uasset" 834
"../../../Engine/Plugins/Interchange/Runtime/Content/gltf/MaterialFunctions/MF_Normals.uexp" 835
"../../../Engine/Plugins/Interchange/Runtime/Content/gltf/MaterialBodies/MF_Transmission_Body.uasset" 836
"../../../Engine/Plugins/Interchange/Runtime/Content/gltf/MaterialBodies/MF_Transmission_Body.uexp" 837
"../../../Engine/Plugins/Interchange/Runtime/Content/gltf/M_Transmission.uasset" 838
"../../../Engine/Plugins/Interchange/Runtime/Content/gltf/M_Transmission.uexp" 839
"../../../Engine/Plugins/Interchange/Runtime/Content/gltf/MaterialInstances/MI_Transmission_DS.uasset" 840
"../../../Engine/Plugins/Interchange/Runtime/Content/gltf/MaterialInstances/MI_Transmission_DS.uexp" 841
"../../../Engine/Plugins/Interchange/Runtime/Content/gltf/MaterialInstances/MI_Transmission.uasset" 842
"../../../Engine/Plugins/Interchange/Runtime/Content/gltf/MaterialInstances/MI_Transmission.uexp" 843
"../../../Engine/Plugins/Interchange/Runtime/Content/gltf/MaterialFunctions/MF_DiffuseSpecGloss.uasset" 844
"../../../Engine/Plugins/Interchange/Runtime/Content/gltf/MaterialFunctions/MF_DiffuseSpecGloss.uexp" 845
"../../../Engine/Content/Functions/Engine_MaterialFunctions02/Math/AddComponents.uasset" 846
"../../../Engine/Content/Functions/Engine_MaterialFunctions02/Math/AddComponents.uexp" 847
"../../../Engine/Plugins/Interchange/Runtime/Content/gltf/MaterialFunctions/MF_PerceivedBrightness.uasset" 848
"../../../Engine/Plugins/Interchange/Runtime/Content/gltf/MaterialFunctions/MF_PerceivedBrightness.uexp" 849
"../../../Engine/Plugins/Interchange/Runtime/Content/gltf/MaterialFunctions/MF_Emissive.uasset" 850
"../../../Engine/Plugins/Interchange/Runtime/Content/gltf/MaterialFunctions/MF_Emissive.uexp" 851
"../../../Engine/Plugins/Interchange/Runtime/Content/gltf/MaterialFunctions/MF_SpecGlossToMetalRoughness.uasset" 852
"../../../Engine/Plugins/Interchange/Runtime/Content/gltf/MaterialFunctions/MF_SpecGlossToMetalRoughness.uexp" 853
"../../../Engine/Plugins/Interchange/Runtime/Content/gltf/MaterialBodies/MF_SpecularGlossiness_Body.uasset" 854
"../../../Engine/Plugins/Interchange/Runtime/Content/gltf/MaterialBodies/MF_SpecularGlossiness_Body.uexp" 855
"../../../Engine/Plugins/Interchange/Runtime/Content/gltf/M_SpecularGlossiness.uasset" 856
"../../../Engine/Plugins/Interchange/Runtime/Content/gltf/M_SpecularGlossiness.uexp" 857
"../../../Engine/Plugins/Interchange/Runtime/Content/gltf/MaterialInstances/MI_SpecularGlossiness_Opaque_DS.uasset" 858
"../../../Engine/Plugins/Interchange/Runtime/Content/gltf/MaterialInstances/MI_SpecularGlossiness_Opaque_DS.uexp" 859
"../../../Engine/Plugins/Interchange/Runtime/Content/gltf/MaterialInstances/MI_SpecularGlossiness_Opaque.uasset" 860
"../../../Engine/Plugins/Interchange/Runtime/Content/gltf/MaterialInstances/MI_SpecularGlossiness_Opaque.uexp" 861
"../../../Engine/Plugins/Interchange/Runtime/Content/gltf/MaterialInstances/MI_SpecularGlossiness_Mask_DS.uasset" 862
"../../../Engine/Plugins/Interchange/Runtime/Content/gltf/MaterialInstances/MI_SpecularGlossiness_Mask_DS.uexp" 863
"../../../Engine/Plugins/Interchange/Runtime/Content/gltf/MaterialInstances/MI_SpecularGlossiness_Mask.uasset" 864
"../../../Engine/Plugins/Interchange/Runtime/Content/gltf/MaterialInstances/MI_SpecularGlossiness_Mask.uexp" 865
"../../../Engine/Plugins/Interchange/Runtime/Content/gltf/MaterialInstances/MI_SpecularGlossiness_Blend_DS.uasset" 866
"../../../Engine/Plugins/Interchange/Runtime/Content/gltf/MaterialInstances/MI_SpecularGlossiness_Blend_DS.uexp" 867
"../../../Engine/Plugins/Interchange/Runtime/Content/gltf/MaterialInstances/MI_SpecularGlossiness_Blend.uasset" 868
"../../../Engine/Plugins/Interchange/Runtime/Content/gltf/MaterialInstances/MI_SpecularGlossiness_Blend.uexp" 869
"../../../Engine/Plugins/Interchange/Runtime/Content/gltf/MaterialFunctions/MF_Sheen.uasset" 870
"../../../Engine/Plugins/Interchange/Runtime/Content/gltf/MaterialFunctions/MF_Sheen.uexp" 871
"../../../Engine/Plugins/Interchange/Runtime/Content/gltf/MaterialBodies/MF_Sheen_Body.uasset" 872
"../../../Engine/Plugins/Interchange/Runtime/Content/gltf/MaterialBodies/MF_Sheen_Body.uexp" 873
"../../../Engine/Plugins/Interchange/Runtime/Content/gltf/M_Sheen.uasset" 874
"../../../Engine/Plugins/Interchange/Runtime/Content/gltf/M_Sheen.uexp" 875
"../../../Engine/Plugins/Interchange/Runtime/Content/gltf/MaterialInstances/MI_Sheen_Opaque_DS.uasset" 876
"../../../Engine/Plugins/Interchange/Runtime/Content/gltf/MaterialInstances/MI_Sheen_Opaque_DS.uexp" 877
"../../../Engine/Plugins/Interchange/Runtime/Content/gltf/MaterialInstances/MI_Sheen_Opaque.uasset" 878
"../../../Engine/Plugins/Interchange/Runtime/Content/gltf/MaterialInstances/MI_Sheen_Opaque.uexp" 879
"../../../Engine/Plugins/Interchange/Runtime/Content/gltf/MaterialInstances/MI_Sheen_Mask_DS.uasset" 880
"../../../Engine/Plugins/Interchange/Runtime/Content/gltf/MaterialInstances/MI_Sheen_Mask_DS.uexp" 881
"../../../Engine/Plugins/Interchange/Runtime/Content/gltf/MaterialInstances/MI_Sheen_Mask.uasset" 882
"../../../Engine/Plugins/Interchange/Runtime/Content/gltf/MaterialInstances/MI_Sheen_Mask.uexp" 883
"../../../Engine/Plugins/Interchange/Runtime/Content/gltf/MaterialInstances/MI_Sheen_Blend_DS.uasset" 884
"../../../Engine/Plugins/Interchange/Runtime/Content/gltf/MaterialInstances/MI_Sheen_Blend_DS.uexp" 885
"../../../Engine/Plugins/Interchange/Runtime/Content/gltf/MaterialInstances/MI_Sheen_Blend.uasset" 886
"../../../Engine/Plugins/Interchange/Runtime/Content/gltf/MaterialInstances/MI_Sheen_Blend.uexp" 887
"../../../Engine/Plugins/Interchange/Runtime/Content/gltf/MaterialBodies/MF_Default_Body.uasset" 888
"../../../Engine/Plugins/Interchange/Runtime/Content/gltf/MaterialBodies/MF_Default_Body.uexp" 889
"../../../Engine/Plugins/Interchange/Runtime/Content/gltf/M_Default.uasset" 890
"../../../Engine/Plugins/Interchange/Runtime/Content/gltf/M_Default.uexp" 891
"../../../Engine/Plugins/Interchange/Runtime/Content/gltf/MaterialInstances/MI_Default_Opaque_DS.uasset" 892
"../../../Engine/Plugins/Interchange/Runtime/Content/gltf/MaterialInstances/MI_Default_Opaque_DS.uexp" 893
"../../../Engine/Plugins/Interchange/Runtime/Content/gltf/MaterialInstances/MI_Default_Opaque.uasset" 894
"../../../Engine/Plugins/Interchange/Runtime/Content/gltf/MaterialInstances/MI_Default_Opaque.uexp" 895
"../../../Engine/Plugins/Interchange/Runtime/Content/gltf/MaterialInstances/MI_Default_Mask_DS.uasset" 896
"../../../Engine/Plugins/Interchange/Runtime/Content/gltf/MaterialInstances/MI_Default_Mask_DS.uexp" 897
"../../../Engine/Plugins/Interchange/Runtime/Content/gltf/MaterialInstances/MI_Default_Mask.uasset" 898
"../../../Engine/Plugins/Interchange/Runtime/Content/gltf/MaterialInstances/MI_Default_Mask.uexp" 899
"../../../Engine/Plugins/Interchange/Runtime/Content/gltf/MaterialInstances/MI_Default_Blend_DS.uasset" 900
"../../../Engine/Plugins/Interchange/Runtime/Content/gltf/MaterialInstances/MI_Default_Blend_DS.uexp" 901
"../../../Engine/Plugins/Interchange/Runtime/Content/gltf/MaterialInstances/MI_Default_Blend.uasset" 902
"../../../Engine/Plugins/Interchange/Runtime/Content/gltf/MaterialInstances/MI_Default_Blend.uexp" 903
"../../../Engine/Content/Functions/Engine_MaterialFunctions01/Texturing/FlattenNormal.uasset" 904
"../../../Engine/Content/Functions/Engine_MaterialFunctions01/Texturing/FlattenNormal.uexp" 905
"../../../Engine/Plugins/Interchange/Runtime/Content/gltf/MaterialFunctions/MF_Clearcoat.uasset" 906
"../../../Engine/Plugins/Interchange/Runtime/Content/gltf/MaterialFunctions/MF_Clearcoat.uexp" 907
"../../../Engine/Plugins/Interchange/Runtime/Content/gltf/MaterialBodies/MF_ClearCoat_Body.uasset" 908
"../../../Engine/Plugins/Interchange/Runtime/Content/gltf/MaterialBodies/MF_ClearCoat_Body.uexp" 909
"../../../Engine/Plugins/Interchange/Runtime/Content/gltf/M_ClearCoat.uasset" 910
"../../../Engine/Plugins/Interchange/Runtime/Content/gltf/M_ClearCoat.uexp" 911
"../../../Engine/Plugins/Interchange/Runtime/Content/gltf/MaterialInstances/MI_ClearCoat_Opaque_DS.uasset" 912
"../../../Engine/Plugins/Interchange/Runtime/Content/gltf/MaterialInstances/MI_ClearCoat_Opaque_DS.uexp" 913
"../../../Engine/Plugins/Interchange/Runtime/Content/gltf/MaterialInstances/MI_ClearCoat_Opaque.uasset" 914
"../../../Engine/Plugins/Interchange/Runtime/Content/gltf/MaterialInstances/MI_ClearCoat_Opaque.uexp" 915
"../../../Engine/Plugins/Interchange/Runtime/Content/gltf/MaterialInstances/MI_ClearCoat_Mask_DS.uasset" 916
"../../../Engine/Plugins/Interchange/Runtime/Content/gltf/MaterialInstances/MI_ClearCoat_Mask_DS.uexp" 917
"../../../Engine/Plugins/Interchange/Runtime/Content/gltf/MaterialInstances/MI_ClearCoat_Mask.uasset" 918
"../../../Engine/Plugins/Interchange/Runtime/Content/gltf/MaterialInstances/MI_ClearCoat_Mask.uexp" 919
"../../../Engine/Plugins/Interchange/Runtime/Content/gltf/MaterialInstances/MI_ClearCoat_Blend_DS.uasset" 920
"../../../Engine/Plugins/Interchange/Runtime/Content/gltf/MaterialInstances/MI_ClearCoat_Blend_DS.uexp" 921
"../../../Engine/Plugins/Interchange/Runtime/Content/gltf/MaterialInstances/MI_ClearCoat_Blend.uasset" 922
"../../../Engine/Plugins/Interchange/Runtime/Content/gltf/MaterialInstances/MI_ClearCoat_Blend.uexp" 923
"../../../Engine/Content/MobileResources/HUD/VirtualJoystick_Background.uasset" 924
"../../../Engine/Content/MobileResources/HUD/VirtualJoystick_Background.uexp" 925
"../../../Engine/Content/MobileResources/HUD/VirtualJoystick_Thumb.uasset" 926
"../../../Engine/Content/MobileResources/HUD/VirtualJoystick_Thumb.uexp" 927
"../../../Engine/Content/MobileResources/HUD/DefaultVirtualJoysticks.uasset" 928
"../../../Engine/Content/MobileResources/HUD/DefaultVirtualJoysticks.uexp" 929
"../../../Engine/Content/EngineSky/VolumetricClouds/CloudWeatherTexture.uasset" 930
"../../../Engine/Content/EngineSky/VolumetricClouds/CloudWeatherTexture.uexp" 931
"../../../Engine/Content/Functions/Engine_MaterialFunctions02/Utility/MakeFloat2.uasset" 932
"../../../Engine/Content/Functions/Engine_MaterialFunctions02/Utility/MakeFloat2.uexp" 933
"../../../Engine/Content/EngineSky/VolumetricClouds/CloudGradientTexture.uasset" 934
"../../../Engine/Content/EngineSky/VolumetricClouds/CloudGradientTexture.uexp" 935
"../../../Engine/Content/EngineSky/VolumetricClouds/T_NoiseShape64.ubulk" 936
"../../../Engine/Content/EngineSky/VolumetricClouds/T_NoiseShape64.uasset" 937
"../../../Engine/Content/EngineSky/VolumetricClouds/T_NoiseShape64.uexp" 938
"../../../Engine/Content/EngineSky/VolumetricClouds/T_VolumeNoiseShape64.uasset" 939
"../../../Engine/Content/EngineSky/VolumetricClouds/T_VolumeNoiseShape64.uexp" 940
"../../../Engine/Content/EngineSky/VolumetricClouds/T_NoiseErosion.ubulk" 941
"../../../Engine/Content/EngineSky/VolumetricClouds/T_NoiseErosion.uasset" 942
"../../../Engine/Content/EngineSky/VolumetricClouds/T_NoiseErosion.uexp" 943
"../../../Engine/Content/EngineSky/VolumetricClouds/T_VolumeNoiseErosion32.uasset" 944
"../../../Engine/Content/EngineSky/VolumetricClouds/T_VolumeNoiseErosion32.uexp" 945
"../../../Engine/Content/EngineSky/VolumetricClouds/m_SimpleVolumetricCloud.uasset" 946
"../../../Engine/Content/EngineSky/VolumetricClouds/m_SimpleVolumetricCloud.uexp" 947
"../../../Engine/Content/EngineSky/VolumetricClouds/m_SimpleVolumetricCloud_Inst.uasset" 948
"../../../Engine/Content/EngineSky/VolumetricClouds/m_SimpleVolumetricCloud_Inst.uexp" 949
"../../../Engine/Content/EngineResources/FilmGrains/Marcie_Grain_v3_128_M2_000.uasset" 950
"../../../Engine/Content/EngineResources/FilmGrains/Marcie_Grain_v3_128_M2_000.uexp" 951
"../../../Engine/Content/EditorResources/SequenceRecorder/RecordingIndicator.uasset" 952
"../../../Engine/Content/EditorResources/SequenceRecorder/RecordingIndicator.uexp" 953
"../../../Engine/Content/EditorResources/SequenceRecorder/Countdown.uasset" 954
"../../../Engine/Content/EditorResources/SequenceRecorder/Countdown.uexp" 955
"../../../Engine/Content/EditorMaterials/Dataflow/DataflowVertexMaterial.uasset" 956
"../../../Engine/Content/EditorMaterials/Dataflow/DataflowVertexMaterial.uexp" 957
"C:/Users/Amir sanni/Documents/Unreal Projects/Roomba/Content/ThirdPerson/Maps/ThirdPersonMap_BuiltData.ubulk" 958
"C:/Users/Amir sanni/Documents/Unreal Projects/Roomba/Content/ThirdPerson/Maps/ThirdPersonMap_BuiltData.uasset" 959
"C:/Users/Amir sanni/Documents/Unreal Projects/Roomba/Content/ThirdPerson/Maps/ThirdPersonMap_BuiltData.uexp" 960
"C:/Users/Amir sanni/Documents/Unreal Projects/Roomba/Content/StarterContent/Materials/M_Basic_Wall.uasset" 961
"C:/Users/Amir sanni/Documents/Unreal Projects/Roomba/Content/StarterContent/Materials/M_Basic_Wall.uexp" 962
"C:/Users/Amir sanni/Documents/Unreal Projects/Roomba/Content/StarterContent/Shapes/Shape_WideCapsule.ubulk" 963
"C:/Users/Amir sanni/Documents/Unreal Projects/Roomba/Content/StarterContent/Shapes/Shape_WideCapsule.uasset" 964
"C:/Users/Amir sanni/Documents/Unreal Projects/Roomba/Content/StarterContent/Shapes/Shape_WideCapsule.uexp" 965
"C:/Users/Amir sanni/Documents/Unreal Projects/Roomba/Content/StarterContent/Shapes/Shape_Wedge_B.ubulk" 966
"C:/Users/Amir sanni/Documents/Unreal Projects/Roomba/Content/StarterContent/Shapes/Shape_Wedge_B.uasset" 967
"C:/Users/Amir sanni/Documents/Unreal Projects/Roomba/Content/StarterContent/Shapes/Shape_Wedge_B.uexp" 968
"C:/Users/Amir sanni/Documents/Unreal Projects/Roomba/Content/StarterContent/Shapes/Shape_Wedge_A.ubulk" 969
"C:/Users/Amir sanni/Documents/Unreal Projects/Roomba/Content/StarterContent/Shapes/Shape_Wedge_A.uasset" 970
"C:/Users/Amir sanni/Documents/Unreal Projects/Roomba/Content/StarterContent/Shapes/Shape_Wedge_A.uexp" 971
"C:/Users/Amir sanni/Documents/Unreal Projects/Roomba/Content/StarterContent/Shapes/Shape_Tube.ubulk" 972
"C:/Users/Amir sanni/Documents/Unreal Projects/Roomba/Content/StarterContent/Shapes/Shape_Tube.uasset" 973
"C:/Users/Amir sanni/Documents/Unreal Projects/Roomba/Content/StarterContent/Shapes/Shape_Tube.uexp" 974
"C:/Users/Amir sanni/Documents/Unreal Projects/Roomba/Content/StarterContent/Shapes/Shape_TriPyramid.ubulk" 975
"C:/Users/Amir sanni/Documents/Unreal Projects/Roomba/Content/StarterContent/Shapes/Shape_TriPyramid.uasset" 976
"C:/Users/Amir sanni/Documents/Unreal Projects/Roomba/Content/StarterContent/Shapes/Shape_TriPyramid.uexp" 977
"C:/Users/Amir sanni/Documents/Unreal Projects/Roomba/Content/StarterContent/Shapes/Shape_Trim_90_Out.ubulk" 978
"C:/Users/Amir sanni/Documents/Unreal Projects/Roomba/Content/StarterContent/Shapes/Shape_Trim_90_Out.uasset" 979
"C:/Users/Amir sanni/Documents/Unreal Projects/Roomba/Content/StarterContent/Shapes/Shape_Trim_90_Out.uexp" 980
"C:/Users/Amir sanni/Documents/Unreal Projects/Roomba/Content/StarterContent/Shapes/Shape_Trim_90_In.ubulk" 981
"C:/Users/Amir sanni/Documents/Unreal Projects/Roomba/Content/StarterContent/Shapes/Shape_Trim_90_In.uasset" 982
"C:/Users/Amir sanni/Documents/Unreal Projects/Roomba/Content/StarterContent/Shapes/Shape_Trim_90_In.uexp" 983
"C:/Users/Amir sanni/Documents/Unreal Projects/Roomba/Content/StarterContent/Shapes/Shape_Trim.ubulk" 984
"C:/Users/Amir sanni/Documents/Unreal Projects/Roomba/Content/StarterContent/Shapes/Shape_Trim.uasset" 985
"C:/Users/Amir sanni/Documents/Unreal Projects/Roomba/Content/StarterContent/Shapes/Shape_Trim.uexp" 986
"C:/Users/Amir sanni/Documents/Unreal Projects/Roomba/Content/StarterContent/Shapes/Shape_Torus.ubulk" 987
"C:/Users/Amir sanni/Documents/Unreal Projects/Roomba/Content/StarterContent/Shapes/Shape_Torus.uasset" 988
"C:/Users/Amir sanni/Documents/Unreal Projects/Roomba/Content/StarterContent/Shapes/Shape_Torus.uexp" 989
"C:/Users/Amir sanni/Documents/Unreal Projects/Roomba/Content/StarterContent/Shapes/Shape_Plane.ubulk" 990
"C:/Users/Amir sanni/Documents/Unreal Projects/Roomba/Content/StarterContent/Shapes/Shape_Plane.uasset" 991
"C:/Users/Amir sanni/Documents/Unreal Projects/Roomba/Content/StarterContent/Shapes/Shape_Plane.uexp" 992
"C:/Users/Amir sanni/Documents/Unreal Projects/Roomba/Content/StarterContent/Shapes/Shape_Pipe_90.ubulk" 993
"C:/Users/Amir sanni/Documents/Unreal Projects/Roomba/Content/StarterContent/Shapes/Shape_Pipe_90.uasset" 994
"C:/Users/Amir sanni/Documents/Unreal Projects/Roomba/Content/StarterContent/Shapes/Shape_Pipe_90.uexp" 995
"C:/Users/Amir sanni/Documents/Unreal Projects/Roomba/Content/StarterContent/Shapes/Shape_Pipe_180.ubulk" 996
"C:/Users/Amir sanni/Documents/Unreal Projects/Roomba/Content/StarterContent/Shapes/Shape_Pipe_180.uasset" 997
"C:/Users/Amir sanni/Documents/Unreal Projects/Roomba/Content/StarterContent/Shapes/Shape_Pipe_180.uexp" 998
"C:/Users/Amir sanni/Documents/Unreal Projects/Roomba/Content/StarterContent/Shapes/Shape_Pipe.ubulk" 999
"C:/Users/Amir sanni/Documents/Unreal Projects/Roomba/Content/StarterContent/Shapes/Shape_Pipe.uasset" 1000
"C:/Users/Amir sanni/Documents/Unreal Projects/Roomba/Content/StarterContent/Shapes/Shape_Pipe.uexp" 1001
"C:/Users/Amir sanni/Documents/Unreal Projects/Roomba/Content/StarterContent/Shapes/Shape_NarrowCapsule.ubulk" 1002
"C:/Users/Amir sanni/Documents/Unreal Projects/Roomba/Content/StarterContent/Shapes/Shape_NarrowCapsule.uasset" 1003
"C:/Users/Amir sanni/Documents/Unreal Projects/Roomba/Content/StarterContent/Shapes/Shape_NarrowCapsule.uexp" 1004
"C:/Users/Amir sanni/Documents/Unreal Projects/Roomba/Content/StarterContent/Shapes/Shape_Cylinder.ubulk" 1005
"C:/Users/Amir sanni/Documents/Unreal Projects/Roomba/Content/StarterContent/Shapes/Shape_Cylinder.uasset" 1006
"C:/Users/Amir sanni/Documents/Unreal Projects/Roomba/Content/StarterContent/Shapes/Shape_Cylinder.uexp" 1007
"C:/Users/Amir sanni/Documents/Unreal Projects/Roomba/Content/StarterContent/Shapes/Shape_Cone.ubulk" 1008
"C:/Users/Amir sanni/Documents/Unreal Projects/Roomba/Content/StarterContent/Shapes/Shape_Cone.uasset" 1009
"C:/Users/Amir sanni/Documents/Unreal Projects/Roomba/Content/StarterContent/Shapes/Shape_Cone.uexp" 1010
"C:/Users/Amir sanni/Documents/Unreal Projects/Roomba/Content/StarterContent/Materials/M_Basic_Floor.uasset" 1011
"C:/Users/Amir sanni/Documents/Unreal Projects/Roomba/Content/StarterContent/Materials/M_Basic_Floor.uexp" 1012
"C:/Users/Amir sanni/Documents/Unreal Projects/Roomba/Content/StarterContent/Props/SM_Stairs.ubulk" 1013
"C:/Users/Amir sanni/Documents/Unreal Projects/Roomba/Content/StarterContent/Props/SM_Stairs.uasset" 1014
"C:/Users/Amir sanni/Documents/Unreal Projects/Roomba/Content/StarterContent/Props/SM_Stairs.uexp" 1015
"C:/Users/Amir sanni/Documents/Unreal Projects/Roomba/Content/StarterContent/Textures/T_Shelf_N.ubulk" 1016
"C:/Users/Amir sanni/Documents/Unreal Projects/Roomba/Content/StarterContent/Textures/T_Shelf_N.uasset" 1017
"C:/Users/Amir sanni/Documents/Unreal Projects/Roomba/Content/StarterContent/Textures/T_Shelf_N.uexp" 1018
"C:/Users/Amir sanni/Documents/Unreal Projects/Roomba/Content/StarterContent/Textures/T_Shelf_M.ubulk" 1019
"C:/Users/Amir sanni/Documents/Unreal Projects/Roomba/Content/StarterContent/Textures/T_Shelf_M.uasset" 1020
"C:/Users/Amir sanni/Documents/Unreal Projects/Roomba/Content/StarterContent/Textures/T_Shelf_M.uexp" 1021
"C:/Users/Amir sanni/Documents/Unreal Projects/Roomba/Content/StarterContent/Props/Materials/M_Shelf.uasset" 1022
"C:/Users/Amir sanni/Documents/Unreal Projects/Roomba/Content/StarterContent/Props/Materials/M_Shelf.uexp" 1023
"C:/Users/Amir sanni/Documents/Unreal Projects/Roomba/Content/StarterContent/Props/SM_Shelf.ubulk" 1024
"C:/Users/Amir sanni/Documents/Unreal Projects/Roomba/Content/StarterContent/Props/SM_Shelf.uasset" 1025
"C:/Users/Amir sanni/Documents/Unreal Projects/Roomba/Content/StarterContent/Props/SM_Shelf.uexp" 1026
"../../../Engine/Content/Functions/Engine_MaterialFunctions02/Utility/BlendAngleCorrectedNormals.uasset" 1027
"../../../Engine/Content/Functions/Engine_MaterialFunctions02/Utility/BlendAngleCorrectedNormals.uexp" 1028
"C:/Users/Amir sanni/Documents/Unreal Projects/Roomba/Content/StarterContent/Textures/T_Detail_Rocky_N.ubulk" 1029
"C:/Users/Amir sanni/Documents/Unreal Projects/Roomba/Content/StarterContent/Textures/T_Detail_Rocky_N.uasset" 1030
"C:/Users/Amir sanni/Documents/Unreal Projects/Roomba/Content/StarterContent/Textures/T_Detail_Rocky_N.uexp" 1031
"C:/Users/Amir sanni/Documents/Unreal Projects/Roomba/Content/StarterContent/Textures/T_Rock_Basalt_D.ubulk" 1032
"C:/Users/Amir sanni/Documents/Unreal Projects/Roomba/Content/StarterContent/Textures/T_Rock_Basalt_D.uasset" 1033
"C:/Users/Amir sanni/Documents/Unreal Projects/Roomba/Content/StarterContent/Textures/T_Rock_Basalt_D.uexp" 1034
"C:/Users/Amir sanni/Documents/Unreal Projects/Roomba/Content/StarterContent/Textures/T_RockMesh_N.ubulk" 1035
"C:/Users/Amir sanni/Documents/Unreal Projects/Roomba/Content/StarterContent/Textures/T_RockMesh_N.uasset" 1036
"C:/Users/Amir sanni/Documents/Unreal Projects/Roomba/Content/StarterContent/Textures/T_RockMesh_N.uexp" 1037
"C:/Users/Amir sanni/Documents/Unreal Projects/Roomba/Content/StarterContent/Textures/T_RockMesh_M.ubulk" 1038
"C:/Users/Amir sanni/Documents/Unreal Projects/Roomba/Content/StarterContent/Textures/T_RockMesh_M.uasset" 1039
"C:/Users/Amir sanni/Documents/Unreal Projects/Roomba/Content/StarterContent/Textures/T_RockMesh_M.uexp" 1040
"C:/Users/Amir sanni/Documents/Unreal Projects/Roomba/Content/StarterContent/Props/Materials/M_Rock.uasset" 1041
"C:/Users/Amir sanni/Documents/Unreal Projects/Roomba/Content/StarterContent/Props/Materials/M_Rock.uexp" 1042
"C:/Users/Amir sanni/Documents/Unreal Projects/Roomba/Content/StarterContent/Props/SM_Rock.ubulk" 1043
"C:/Users/Amir sanni/Documents/Unreal Projects/Roomba/Content/StarterContent/Props/SM_Rock.uasset" 1044
"C:/Users/Amir sanni/Documents/Unreal Projects/Roomba/Content/StarterContent/Props/SM_Rock.uexp" 1045
"C:/Users/Amir sanni/Documents/Unreal Projects/Roomba/Content/StarterContent/Textures/T_Chair_N.ubulk" 1046
"C:/Users/Amir sanni/Documents/Unreal Projects/Roomba/Content/StarterContent/Textures/T_Chair_N.uasset" 1047
"C:/Users/Amir sanni/Documents/Unreal Projects/Roomba/Content/StarterContent/Textures/T_Chair_N.uexp" 1048
"C:/Users/Amir sanni/Documents/Unreal Projects/Roomba/Content/StarterContent/Textures/T_Chair_M.ubulk" 1049
"C:/Users/Amir sanni/Documents/Unreal Projects/Roomba/Content/StarterContent/Textures/T_Chair_M.uasset" 1050
"C:/Users/Amir sanni/Documents/Unreal Projects/Roomba/Content/StarterContent/Textures/T_Chair_M.uexp" 1051
"C:/Users/Amir sanni/Documents/Unreal Projects/Roomba/Content/StarterContent/Props/Materials/M_Chair.uasset" 1052
"C:/Users/Amir sanni/Documents/Unreal Projects/Roomba/Content/StarterContent/Props/Materials/M_Chair.uexp" 1053
"C:/Users/Amir sanni/Documents/Unreal Projects/Roomba/Content/StarterContent/Props/SM_Couch.ubulk" 1054
"C:/Users/Amir sanni/Documents/Unreal Projects/Roomba/Content/StarterContent/Props/SM_Couch.uasset" 1055
"C:/Users/Amir sanni/Documents/Unreal Projects/Roomba/Content/StarterContent/Props/SM_Couch.uexp" 1056
"C:/Users/Amir sanni/Documents/Unreal Projects/Roomba/Content/StarterContent/Textures/T_Bush_N.ubulk" 1057
"C:/Users/Amir sanni/Documents/Unreal Projects/Roomba/Content/StarterContent/Textures/T_Bush_N.uasset" 1058
"C:/Users/Amir sanni/Documents/Unreal Projects/Roomba/Content/StarterContent/Textures/T_Bush_N.uexp" 1059
"C:/Users/Amir sanni/Documents/Unreal Projects/Roomba/Content/StarterContent/Textures/T_Bush_D.ubulk" 1060
"C:/Users/Amir sanni/Documents/Unreal Projects/Roomba/Content/StarterContent/Textures/T_Bush_D.uasset" 1061
"C:/Users/Amir sanni/Documents/Unreal Projects/Roomba/Content/StarterContent/Textures/T_Bush_D.uexp" 1062
"C:/Users/Amir sanni/Documents/Unreal Projects/Roomba/Content/StarterContent/Props/Materials/M_Bush.uasset" 1063
"C:/Users/Amir sanni/Documents/Unreal Projects/Roomba/Content/StarterContent/Props/Materials/M_Bush.uexp" 1064
"C:/Users/Amir sanni/Documents/Unreal Projects/Roomba/Content/StarterContent/Props/SM_Bush.ubulk" 1065
"C:/Users/Amir sanni/Documents/Unreal Projects/Roomba/Content/StarterContent/Props/SM_Bush.uasset" 1066
"C:/Users/Amir sanni/Documents/Unreal Projects/Roomba/Content/StarterContent/Props/SM_Bush.uexp" 1067
"../../../Engine/Content/EditorMeshes/ColorCalibrator/T_ColorGrid.ubulk" 1068
"../../../Engine/Content/EditorMeshes/ColorCalibrator/T_ColorGrid.uasset" 1069
"../../../Engine/Content/EditorMeshes/ColorCalibrator/T_ColorGrid.uexp" 1070
"C:/Users/Amir sanni/Documents/Unreal Projects/Roomba/Content/StarterContent/Materials/M_ColorGrid_LowSpec.uasset" 1071
"C:/Users/Amir sanni/Documents/Unreal Projects/Roomba/Content/StarterContent/Materials/M_ColorGrid_LowSpec.uexp" 1072
"C:/Users/Amir sanni/Documents/Unreal Projects/Roomba/Content/StarterContent/Textures/T_Smoke_SubUV.ubulk" 1073
"C:/Users/Amir sanni/Documents/Unreal Projects/Roomba/Content/StarterContent/Textures/T_Smoke_SubUV.uasset" 1074
"C:/Users/Amir sanni/Documents/Unreal Projects/Roomba/Content/StarterContent/Textures/T_Smoke_SubUV.uexp" 1075
"C:/Users/Amir sanni/Documents/Unreal Projects/Roomba/Content/StarterContent/Textures/T_Smoke_Tiled_D.ubulk" 1076
"C:/Users/Amir sanni/Documents/Unreal Projects/Roomba/Content/StarterContent/Textures/T_Smoke_Tiled_D.uasset" 1077
"C:/Users/Amir sanni/Documents/Unreal Projects/Roomba/Content/StarterContent/Textures/T_Smoke_Tiled_D.uexp" 1078
"C:/Users/Amir sanni/Documents/Unreal Projects/Roomba/Content/StarterContent/Particles/Materials/M_smoke_subUV.uasset" 1079
"C:/Users/Amir sanni/Documents/Unreal Projects/Roomba/Content/StarterContent/Particles/Materials/M_smoke_subUV.uexp" 1080
"C:/Users/Amir sanni/Documents/Unreal Projects/Roomba/Content/StarterContent/Textures/T_Burst_M.ubulk" 1081
"C:/Users/Amir sanni/Documents/Unreal Projects/Roomba/Content/StarterContent/Textures/T_Burst_M.uasset" 1082
"C:/Users/Amir sanni/Documents/Unreal Projects/Roomba/Content/StarterContent/Textures/T_Burst_M.uexp" 1083
"C:/Users/Amir sanni/Documents/Unreal Projects/Roomba/Content/StarterContent/Particles/Materials/M_Burst.uasset" 1084
"C:/Users/Amir sanni/Documents/Unreal Projects/Roomba/Content/StarterContent/Particles/Materials/M_Burst.uexp" 1085
"C:/Users/Amir sanni/Documents/Unreal Projects/Roomba/Content/StarterContent/Particles/Materials/m_flare_01.uasset" 1086
"C:/Users/Amir sanni/Documents/Unreal Projects/Roomba/Content/StarterContent/Particles/Materials/m_flare_01.uexp" 1087
"C:/Users/Amir sanni/Documents/Unreal Projects/Roomba/Content/StarterContent/Textures/T_Explosion_SubUV.ubulk" 1088
"C:/Users/Amir sanni/Documents/Unreal Projects/Roomba/Content/StarterContent/Textures/T_Explosion_SubUV.uasset" 1089
"C:/Users/Amir sanni/Documents/Unreal Projects/Roomba/Content/StarterContent/Textures/T_Explosion_SubUV.uexp" 1090
"C:/Users/Amir sanni/Documents/Unreal Projects/Roomba/Content/StarterContent/Particles/Materials/M_explosion_subUV.uasset" 1091
"C:/Users/Amir sanni/Documents/Unreal Projects/Roomba/Content/StarterContent/Particles/Materials/M_explosion_subUV.uexp" 1092
"../../../Engine/Content/Functions/Engine_MaterialFunctions01/Gradient/RadialGradient.uasset" 1093
"../../../Engine/Content/Functions/Engine_MaterialFunctions01/Gradient/RadialGradient.uexp" 1094
"C:/Users/Amir sanni/Documents/Unreal Projects/Roomba/Content/StarterContent/Particles/Materials/M_radial_ramp.uasset" 1095
"C:/Users/Amir sanni/Documents/Unreal Projects/Roomba/Content/StarterContent/Particles/Materials/M_radial_ramp.uexp" 1096
"C:/Users/Amir sanni/Documents/Unreal Projects/Roomba/Content/StarterContent/Particles/P_Explosion.uasset" 1097
"C:/Users/Amir sanni/Documents/Unreal Projects/Roomba/Content/StarterContent/Particles/P_Explosion.uexp" 1098
"C:/Users/Amir sanni/Documents/Unreal Projects/Roomba/Content/StarterContent/Audio/Explosion_Cue.uasset" 1099
"C:/Users/Amir sanni/Documents/Unreal Projects/Roomba/Content/StarterContent/Audio/Explosion_Cue.uexp" 1100
"C:/Users/Amir sanni/Documents/Unreal Projects/Roomba/Content/StarterContent/Blueprints/Blueprint_Effect_Explosion.uasset" 1101
"C:/Users/Amir sanni/Documents/Unreal Projects/Roomba/Content/StarterContent/Blueprints/Blueprint_Effect_Explosion.uexp" 1102
"C:/Users/Amir sanni/Documents/Unreal Projects/Roomba/Content/StarterContent/Audio/Steam01.ubulk" 1103
"C:/Users/Amir sanni/Documents/Unreal Projects/Roomba/Content/StarterContent/Audio/Steam01.uasset" 1104
"C:/Users/Amir sanni/Documents/Unreal Projects/Roomba/Content/StarterContent/Audio/Steam01.uexp" 1105
"C:/Users/Amir sanni/Documents/Unreal Projects/Roomba/Content/StarterContent/Audio/Starter_Wind06.ubulk" 1106
"C:/Users/Amir sanni/Documents/Unreal Projects/Roomba/Content/StarterContent/Audio/Starter_Wind06.uasset" 1107
"C:/Users/Amir sanni/Documents/Unreal Projects/Roomba/Content/StarterContent/Audio/Starter_Wind06.uexp" 1108
"C:/Users/Amir sanni/Documents/Unreal Projects/Roomba/Content/StarterContent/Audio/Starter_Wind05.ubulk" 1109
"C:/Users/Amir sanni/Documents/Unreal Projects/Roomba/Content/StarterContent/Audio/Starter_Wind05.uasset" 1110
"C:/Users/Amir sanni/Documents/Unreal Projects/Roomba/Content/StarterContent/Audio/Starter_Wind05.uexp" 1111
"C:/Users/Amir sanni/Documents/Unreal Projects/Roomba/Content/StarterContent/Audio/Starter_Music01.ubulk" 1112
"C:/Users/Amir sanni/Documents/Unreal Projects/Roomba/Content/StarterContent/Audio/Starter_Music01.uasset" 1113
"C:/Users/Amir sanni/Documents/Unreal Projects/Roomba/Content/StarterContent/Audio/Starter_Music01.uexp" 1114
"C:/Users/Amir sanni/Documents/Unreal Projects/Roomba/Content/StarterContent/Audio/Starter_Birds01.ubulk" 1115
"C:/Users/Amir sanni/Documents/Unreal Projects/Roomba/Content/StarterContent/Audio/Starter_Birds01.uasset" 1116
"C:/Users/Amir sanni/Documents/Unreal Projects/Roomba/Content/StarterContent/Audio/Starter_Birds01.uexp" 1117
"C:/Users/Amir sanni/Documents/Unreal Projects/Roomba/Content/StarterContent/Audio/Smoke01.ubulk" 1118
"C:/Users/Amir sanni/Documents/Unreal Projects/Roomba/Content/StarterContent/Audio/Smoke01.uasset" 1119
"C:/Users/Amir sanni/Documents/Unreal Projects/Roomba/Content/StarterContent/Audio/Smoke01.uexp" 1120
"C:/Users/Amir sanni/Documents/Unreal Projects/Roomba/Content/StarterContent/Audio/Light02_Cue.uasset" 1121
"C:/Users/Amir sanni/Documents/Unreal Projects/Roomba/Content/StarterContent/Audio/Light02_Cue.uexp" 1122
"C:/Users/Amir sanni/Documents/Unreal Projects/Roomba/Content/StarterContent/Audio/Light02.ubulk" 1123
"C:/Users/Amir sanni/Documents/Unreal Projects/Roomba/Content/StarterContent/Audio/Light02.uasset" 1124
"C:/Users/Amir sanni/Documents/Unreal Projects/Roomba/Content/StarterContent/Audio/Light02.uexp" 1125
"C:/Users/Amir sanni/Documents/Unreal Projects/Roomba/Content/StarterContent/Audio/Light01_Cue.uasset" 1126
"C:/Users/Amir sanni/Documents/Unreal Projects/Roomba/Content/StarterContent/Audio/Light01_Cue.uexp" 1127
"C:/Users/Amir sanni/Documents/Unreal Projects/Roomba/Content/StarterContent/Audio/Light01.ubulk" 1128
"C:/Users/Amir sanni/Documents/Unreal Projects/Roomba/Content/StarterContent/Audio/Light01.uasset" 1129
"C:/Users/Amir sanni/Documents/Unreal Projects/Roomba/Content/StarterContent/Audio/Light01.uexp" 1130
"C:/Users/Amir sanni/Documents/Unreal Projects/Roomba/Content/StarterContent/Audio/Fire_Sparks01.ubulk" 1131
"C:/Users/Amir sanni/Documents/Unreal Projects/Roomba/Content/StarterContent/Audio/Fire_Sparks01.uasset" 1132
"C:/Users/Amir sanni/Documents/Unreal Projects/Roomba/Content/StarterContent/Audio/Fire_Sparks01.uexp" 1133
"C:/Users/Amir sanni/Documents/Unreal Projects/Roomba/Content/StarterContent/Audio/Fire01.ubulk" 1134
"C:/Users/Amir sanni/Documents/Unreal Projects/Roomba/Content/StarterContent/Audio/Fire01.uasset" 1135
"C:/Users/Amir sanni/Documents/Unreal Projects/Roomba/Content/StarterContent/Audio/Fire01.uexp" 1136
"C:/Users/Amir sanni/Documents/Unreal Projects/Roomba/Content/StarterContent/Audio/Explosion02.ubulk" 1137
"C:/Users/Amir sanni/Documents/Unreal Projects/Roomba/Content/StarterContent/Audio/Explosion02.uasset" 1138
"C:/Users/Amir sanni/Documents/Unreal Projects/Roomba/Content/StarterContent/Audio/Explosion02.uexp" 1139
"C:/Users/Amir sanni/Documents/Unreal Projects/Roomba/Content/StarterContent/Audio/Explosion01.ubulk" 1140
"C:/Users/Amir sanni/Documents/Unreal Projects/Roomba/Content/StarterContent/Audio/Explosion01.uasset" 1141
"C:/Users/Amir sanni/Documents/Unreal Projects/Roomba/Content/StarterContent/Audio/Explosion01.uexp" 1142
"C:/Users/Amir sanni/Documents/Unreal Projects/Roomba/Content/StarterContent/Audio/Collapse02.ubulk" 1143
"C:/Users/Amir sanni/Documents/Unreal Projects/Roomba/Content/StarterContent/Audio/Collapse02.uasset" 1144
"C:/Users/Amir sanni/Documents/Unreal Projects/Roomba/Content/StarterContent/Audio/Collapse02.uexp" 1145
"C:/Users/Amir sanni/Documents/Unreal Projects/Roomba/Content/StarterContent/Audio/Collapse01.ubulk" 1146
"C:/Users/Amir sanni/Documents/Unreal Projects/Roomba/Content/StarterContent/Audio/Collapse01.uasset" 1147
"C:/Users/Amir sanni/Documents/Unreal Projects/Roomba/Content/StarterContent/Audio/Collapse01.uexp" 1148
"C:/Users/Amir sanni/Documents/Unreal Projects/Roomba/Content/StarterContent/Architecture/Wall_Window_400x400.ubulk" 1149
"C:/Users/Amir sanni/Documents/Unreal Projects/Roomba/Content/StarterContent/Architecture/Wall_Window_400x400.uasset" 1150
"C:/Users/Amir sanni/Documents/Unreal Projects/Roomba/Content/StarterContent/Architecture/Wall_Window_400x400.uexp" 1151
"C:/Users/Amir sanni/Documents/Unreal Projects/Roomba/Content/StarterContent/Architecture/Wall_Door_400x400.ubulk" 1152
"C:/Users/Amir sanni/Documents/Unreal Projects/Roomba/Content/StarterContent/Architecture/Wall_Door_400x400.uasset" 1153
"C:/Users/Amir sanni/Documents/Unreal Projects/Roomba/Content/StarterContent/Architecture/Wall_Door_400x400.uexp" 1154
"C:/Users/Amir sanni/Documents/Unreal Projects/Roomba/Content/StarterContent/Architecture/Wall_500x500.ubulk" 1155
"C:/Users/Amir sanni/Documents/Unreal Projects/Roomba/Content/StarterContent/Architecture/Wall_500x500.uasset" 1156
"C:/Users/Amir sanni/Documents/Unreal Projects/Roomba/Content/StarterContent/Architecture/Wall_500x500.uexp" 1157
"C:/Users/Amir sanni/Documents/Unreal Projects/Roomba/Content/StarterContent/Architecture/Wall_400x400.ubulk" 1158
"C:/Users/Amir sanni/Documents/Unreal Projects/Roomba/Content/StarterContent/Architecture/Wall_400x400.uasset" 1159
"C:/Users/Amir sanni/Documents/Unreal Projects/Roomba/Content/StarterContent/Architecture/Wall_400x400.uexp" 1160
"C:/Users/Amir sanni/Documents/Unreal Projects/Roomba/Content/StarterContent/Architecture/Wall_400x300.ubulk" 1161
"C:/Users/Amir sanni/Documents/Unreal Projects/Roomba/Content/StarterContent/Architecture/Wall_400x300.uasset" 1162
"C:/Users/Amir sanni/Documents/Unreal Projects/Roomba/Content/StarterContent/Architecture/Wall_400x300.uexp" 1163
"C:/Users/Amir sanni/Documents/Unreal Projects/Roomba/Content/StarterContent/Architecture/Pillar_50x500.ubulk" 1164
"C:/Users/Amir sanni/Documents/Unreal Projects/Roomba/Content/StarterContent/Architecture/Pillar_50x500.uasset" 1165
"C:/Users/Amir sanni/Documents/Unreal Projects/Roomba/Content/StarterContent/Architecture/Pillar_50x500.uexp" 1166
"C:/Users/Amir sanni/Documents/Unreal Projects/Roomba/Content/Menu/2dAssets/uistemflip.uasset" 1167
"C:/Users/Amir sanni/Documents/Unreal Projects/Roomba/Content/Menu/2dAssets/uistemflip.uexp" 1168
"C:/Users/Amir sanni/Documents/Unreal Projects/Roomba/Content/Menu/2dAssets/uimenubox.uasset" 1169
"C:/Users/Amir sanni/Documents/Unreal Projects/Roomba/Content/Menu/2dAssets/uimenubox.uexp" 1170
"C:/Users/Amir sanni/Documents/Unreal Projects/Roomba/Content/LevelPrototyping/Textures/T_GridChecker_A.ubulk" 1171
"C:/Users/Amir sanni/Documents/Unreal Projects/Roomba/Content/LevelPrototyping/Textures/T_GridChecker_A.uasset" 1172
"C:/Users/Amir sanni/Documents/Unreal Projects/Roomba/Content/LevelPrototyping/Textures/T_GridChecker_A.uexp" 1173
"../../../Engine/Content/Functions/Engine_MaterialFunctions01/Gradient/LinearGradient.uasset" 1174
"../../../Engine/Content/Functions/Engine_MaterialFunctions01/Gradient/LinearGradient.uexp" 1175
"../../../Engine/Content/Functions/Engine_MaterialFunctions01/ImageAdjustment/CheapContrast.uasset" 1176
"../../../Engine/Content/Functions/Engine_MaterialFunctions01/ImageAdjustment/CheapContrast.uexp" 1177
"C:/Users/Amir sanni/Documents/Unreal Projects/Roomba/Content/LevelPrototyping/Materials/MF_ProcGrid.uasset" 1178
"C:/Users/Amir sanni/Documents/Unreal Projects/Roomba/Content/LevelPrototyping/Materials/MF_ProcGrid.uexp" 1179
"C:/Users/Amir sanni/Documents/Unreal Projects/Roomba/Content/LevelPrototyping/Materials/M_PrototypeGrid.uasset" 1180
"C:/Users/Amir sanni/Documents/Unreal Projects/Roomba/Content/LevelPrototyping/Materials/M_PrototypeGrid.uexp" 1181
"C:/Users/Amir sanni/Documents/Unreal Projects/Roomba/Content/LevelPrototyping/Materials/MI_PrototypeGrid_Gray.uasset" 1182
"C:/Users/Amir sanni/Documents/Unreal Projects/Roomba/Content/LevelPrototyping/Materials/MI_PrototypeGrid_Gray.uexp" 1183
"C:/Users/Amir sanni/Documents/Unreal Projects/Roomba/Content/LevelPrototyping/Meshes/SM_Cylinder.ubulk" 1184
"C:/Users/Amir sanni/Documents/Unreal Projects/Roomba/Content/LevelPrototyping/Meshes/SM_Cylinder.uasset" 1185
"C:/Users/Amir sanni/Documents/Unreal Projects/Roomba/Content/LevelPrototyping/Meshes/SM_Cylinder.uexp" 1186
"C:/Users/Amir sanni/Documents/Unreal Projects/Roomba/Content/LevelPrototyping/Materials/MI_PrototypeGrid_Gray_02.uasset" 1187
"C:/Users/Amir sanni/Documents/Unreal Projects/Roomba/Content/LevelPrototyping/Materials/MI_PrototypeGrid_Gray_02.uexp" 1188
"C:/Users/Amir sanni/Documents/Unreal Projects/Roomba/Content/LevelDesign/EasterEggRoom/PropaSecret.ubulk" 1189
"C:/Users/Amir sanni/Documents/Unreal Projects/Roomba/Content/LevelDesign/EasterEggRoom/PropaSecret.uasset" 1190
"C:/Users/Amir sanni/Documents/Unreal Projects/Roomba/Content/LevelDesign/EasterEggRoom/PropaSecret.uexp" 1191
"C:/Users/Amir sanni/Documents/Unreal Projects/Roomba/Content/LevelDesign/EasterEggRoom/OhGreatHeavensEXCLAMATIONMARK.uasset" 1192
"C:/Users/Amir sanni/Documents/Unreal Projects/Roomba/Content/LevelDesign/EasterEggRoom/OhGreatHeavensEXCLAMATIONMARK.uexp" 1193
"../../../Engine/Content/EngineMaterials/Substrate/Volume/SubstrateSimpleVolumeLUT3D.uasset" 1194
"../../../Engine/Content/EngineMaterials/Substrate/Volume/SubstrateSimpleVolumeLUT3D.uexp" 1195
"../../../Engine/Content/EngineMaterials/Substrate/Volume/SubstrateSimpleVolumeEnvLUT3D.uasset" 1196
"../../../Engine/Content/EngineMaterials/Substrate/Volume/SubstrateSimpleVolumeEnvLUT3D.uexp" 1197
"../../../Engine/Content/Functions/Engine_MaterialFunctions01/Shading/PowerToRoughness.uasset" 1198
"../../../Engine/Content/Functions/Engine_MaterialFunctions01/Shading/PowerToRoughness.uexp" 1199
"../../../Engine/Content/Functions/Engine_MaterialFunctions01/Shading/ConvertFromDiffSpec.uasset" 1200
"../../../Engine/Content/Functions/Engine_MaterialFunctions01/Shading/ConvertFromDiffSpec.uexp" 1201
"../../../Engine/Content/EngineMaterials/Substrate/GLints2/AGlintTex2dArray2.uasset" 1202
"../../../Engine/Content/EngineMaterials/Substrate/GLints2/AGlintTex2dArray2.uexp" 1203
"../../../Engine/Content/EngineMaterials/Substrate/GLints/AGlintTex2dArray.uasset" 1204
"../../../Engine/Content/EngineMaterials/Substrate/GLints/AGlintTex2dArray.uexp" 1205
"C:/Users/Amir sanni/Documents/Unreal Projects/Roomba/Content/Characters/Mannequins/Meshes/SK_Mannequin.uasset" 1206
"C:/Users/Amir sanni/Documents/Unreal Projects/Roomba/Content/Characters/Mannequins/Meshes/SK_Mannequin.uexp" 1207
"C:/Users/Amir sanni/Documents/Unreal Projects/Roomba/Content/Characters/Mannequins/Textures/Quinn/T_Quinn_02ID_MSR_MSK.ubulk" 1208
"C:/Users/Amir sanni/Documents/Unreal Projects/Roomba/Content/Characters/Mannequins/Textures/Quinn/T_Quinn_02ID_MSR_MSK.uasset" 1209
"C:/Users/Amir sanni/Documents/Unreal Projects/Roomba/Content/Characters/Mannequins/Textures/Quinn/T_Quinn_02ID_MSR_MSK.uexp" 1210
"C:/Users/Amir sanni/Documents/Unreal Projects/Roomba/Content/Characters/Mannequins/Textures/Quinn/T_Quinn_02ID_BN.ubulk" 1211
"C:/Users/Amir sanni/Documents/Unreal Projects/Roomba/Content/Characters/Mannequins/Textures/Quinn/T_Quinn_02ID_BN.uasset" 1212
"C:/Users/Amir sanni/Documents/Unreal Projects/Roomba/Content/Characters/Mannequins/Textures/Quinn/T_Quinn_02ID_BN.uexp" 1213
"C:/Users/Amir sanni/Documents/Unreal Projects/Roomba/Content/Characters/Mannequins/Textures/Quinn/T_Quinn_02_ASAOMASK_MSK.ubulk" 1214
"C:/Users/Amir sanni/Documents/Unreal Projects/Roomba/Content/Characters/Mannequins/Textures/Quinn/T_Quinn_02_ASAOMASK_MSK.uasset" 1215
"C:/Users/Amir sanni/Documents/Unreal Projects/Roomba/Content/Characters/Mannequins/Textures/Quinn/T_Quinn_02_ASAOMASK_MSK.uexp" 1216
"C:/Users/Amir sanni/Documents/Unreal Projects/Roomba/Content/Characters/Mannequins/Textures/Quinn/T_Quinn_02_CCRCCPlastic_MSK.ubulk" 1217
"C:/Users/Amir sanni/Documents/Unreal Projects/Roomba/Content/Characters/Mannequins/Textures/Quinn/T_Quinn_02_CCRCCPlastic_MSK.uasset" 1218
"C:/Users/Amir sanni/Documents/Unreal Projects/Roomba/Content/Characters/Mannequins/Textures/Quinn/T_Quinn_02_CCRCCPlastic_MSK.uexp" 1219
"C:/Users/Amir sanni/Documents/Unreal Projects/Roomba/Content/Characters/Mannequins/Textures/Quinn/T_Quinn_02ID_Tan.ubulk" 1220
"C:/Users/Amir sanni/Documents/Unreal Projects/Roomba/Content/Characters/Mannequins/Textures/Quinn/T_Quinn_02ID_Tan.uasset" 1221
"C:/Users/Amir sanni/Documents/Unreal Projects/Roomba/Content/Characters/Mannequins/Textures/Quinn/T_Quinn_02ID_Tan.uexp" 1222
"C:/Users/Amir sanni/Documents/Unreal Projects/Roomba/Content/Characters/Mannequins/Textures/Quinn/T_Quinn_02ID_D.ubulk" 1223
"C:/Users/Amir sanni/Documents/Unreal Projects/Roomba/Content/Characters/Mannequins/Textures/Quinn/T_Quinn_02ID_D.uasset" 1224
"C:/Users/Amir sanni/Documents/Unreal Projects/Roomba/Content/Characters/Mannequins/Textures/Quinn/T_Quinn_02ID_D.uexp" 1225
"C:/Users/Amir sanni/Documents/Unreal Projects/Roomba/Content/Characters/Mannequins/Textures/Quinn/T_Quinn_01ID_MSR_MSK.ubulk" 1226
"C:/Users/Amir sanni/Documents/Unreal Projects/Roomba/Content/Characters/Mannequins/Textures/Quinn/T_Quinn_01ID_MSR_MSK.uasset" 1227
"C:/Users/Amir sanni/Documents/Unreal Projects/Roomba/Content/Characters/Mannequins/Textures/Quinn/T_Quinn_01ID_MSR_MSK.uexp" 1228
"C:/Users/Amir sanni/Documents/Unreal Projects/Roomba/Content/Characters/Mannequins/Materials/Functions/ChromaticCurve.uasset" 1229
"C:/Users/Amir sanni/Documents/Unreal Projects/Roomba/Content/Characters/Mannequins/Materials/Functions/ChromaticCurve.uexp" 1230
"C:/Users/Amir sanni/Documents/Unreal Projects/Roomba/Content/Characters/Mannequins/Materials/Functions/CA_Mannequin.uasset" 1231
"C:/Users/Amir sanni/Documents/Unreal Projects/Roomba/Content/Characters/Mannequins/Materials/Functions/CA_Mannequin.uexp" 1232
"C:/Users/Amir sanni/Documents/Unreal Projects/Roomba/Content/Characters/Mannequins/Materials/Functions/MF_Diffraction.uasset" 1233
"C:/Users/Amir sanni/Documents/Unreal Projects/Roomba/Content/Characters/Mannequins/Materials/Functions/MF_Diffraction.uexp" 1234
"C:/Users/Amir sanni/Documents/Unreal Projects/Roomba/Content/Characters/Mannequins/Textures/Manny/T_Manny_01_N.ubulk" 1235
"C:/Users/Amir sanni/Documents/Unreal Projects/Roomba/Content/Characters/Mannequins/Textures/Manny/T_Manny_01_N.uasset" 1236
"C:/Users/Amir sanni/Documents/Unreal Projects/Roomba/Content/Characters/Mannequins/Textures/Manny/T_Manny_01_N.uexp" 1237
"C:/Users/Amir sanni/Documents/Unreal Projects/Roomba/Content/Characters/Mannequins/Materials/Functions/ML_BaseColorFallOff.uasset" 1238
"C:/Users/Amir sanni/Documents/Unreal Projects/Roomba/Content/Characters/Mannequins/Materials/Functions/ML_BaseColorFallOff.uexp" 1239
"../../../Engine/Content/Functions/Engine_MaterialFunctions01/Texturing/ScaleUVsByCenter.uasset" 1240
"../../../Engine/Content/Functions/Engine_MaterialFunctions01/Texturing/ScaleUVsByCenter.uexp" 1241
"C:/Users/Amir sanni/Documents/Unreal Projects/Roomba/Content/Characters/Mannequins/Textures/Shared/T_UE_Logo_M.uasset" 1242
"C:/Users/Amir sanni/Documents/Unreal Projects/Roomba/Content/Characters/Mannequins/Textures/Shared/T_UE_Logo_M.uexp" 1243
"C:/Users/Amir sanni/Documents/Unreal Projects/Roomba/Content/Characters/Mannequins/Materials/Functions/MF_logo3layers.uasset" 1244
"C:/Users/Amir sanni/Documents/Unreal Projects/Roomba/Content/Characters/Mannequins/Materials/Functions/MF_logo3layers.uexp" 1245
"C:/Users/Amir sanni/Documents/Unreal Projects/Roomba/Content/Characters/Mannequins/Textures/Manny/T_Manny_01_CCRCCPlastic_MSK.ubulk" 1246
"C:/Users/Amir sanni/Documents/Unreal Projects/Roomba/Content/Characters/Mannequins/Textures/Manny/T_Manny_01_CCRCCPlastic_MSK.uasset" 1247
"C:/Users/Amir sanni/Documents/Unreal Projects/Roomba/Content/Characters/Mannequins/Textures/Manny/T_Manny_01_CCRCCPlastic_MSK.uexp" 1248
"C:/Users/Amir sanni/Documents/Unreal Projects/Roomba/Content/Characters/Mannequins/Textures/Manny/T_Manny_01_ASAOPMASK_MSK.ubulk" 1249
"C:/Users/Amir sanni/Documents/Unreal Projects/Roomba/Content/Characters/Mannequins/Textures/Manny/T_Manny_01_ASAOPMASK_MSK.uasset" 1250
"C:/Users/Amir sanni/Documents/Unreal Projects/Roomba/Content/Characters/Mannequins/Textures/Manny/T_Manny_01_ASAOPMASK_MSK.uexp" 1251
"C:/Users/Amir sanni/Documents/Unreal Projects/Roomba/Content/Characters/Mannequins/Textures/Manny/T_Manny_01_MSR_MSK.ubulk" 1252
"C:/Users/Amir sanni/Documents/Unreal Projects/Roomba/Content/Characters/Mannequins/Textures/Manny/T_Manny_01_MSR_MSK.uasset" 1253
"C:/Users/Amir sanni/Documents/Unreal Projects/Roomba/Content/Characters/Mannequins/Textures/Manny/T_Manny_01_MSR_MSK.uexp" 1254
"C:/Users/Amir sanni/Documents/Unreal Projects/Roomba/Content/Characters/Mannequins/Textures/Manny/T_Manny_01_BN.ubulk" 1255
"C:/Users/Amir sanni/Documents/Unreal Projects/Roomba/Content/Characters/Mannequins/Textures/Manny/T_Manny_01_BN.uasset" 1256
"C:/Users/Amir sanni/Documents/Unreal Projects/Roomba/Content/Characters/Mannequins/Textures/Manny/T_Manny_01_BN.uexp" 1257
"C:/Users/Amir sanni/Documents/Unreal Projects/Roomba/Content/Characters/Mannequins/Textures/Manny/T_Manny_01_D.ubulk" 1258
"C:/Users/Amir sanni/Documents/Unreal Projects/Roomba/Content/Characters/Mannequins/Textures/Manny/T_Manny_01_D.uasset" 1259
"C:/Users/Amir sanni/Documents/Unreal Projects/Roomba/Content/Characters/Mannequins/Textures/Manny/T_Manny_01_D.uexp" 1260
"C:/Users/Amir sanni/Documents/Unreal Projects/Roomba/Content/Characters/Mannequins/Textures/Manny/T_Manny_01_Tan.ubulk" 1261
"C:/Users/Amir sanni/Documents/Unreal Projects/Roomba/Content/Characters/Mannequins/Textures/Manny/T_Manny_01_Tan.uasset" 1262
"C:/Users/Amir sanni/Documents/Unreal Projects/Roomba/Content/Characters/Mannequins/Textures/Manny/T_Manny_01_Tan.uexp" 1263
"C:/Users/Amir sanni/Documents/Unreal Projects/Roomba/Content/Characters/Mannequins/Materials/M_Mannequin.uasset" 1264
"C:/Users/Amir sanni/Documents/Unreal Projects/Roomba/Content/Characters/Mannequins/Materials/M_Mannequin.uexp" 1265
"C:/Users/Amir sanni/Documents/Unreal Projects/Roomba/Content/Characters/Mannequins/Textures/Quinn/T_Quinn_01_ASAOMASK_MSK.ubulk" 1266
"C:/Users/Amir sanni/Documents/Unreal Projects/Roomba/Content/Characters/Mannequins/Textures/Quinn/T_Quinn_01_ASAOMASK_MSK.uasset" 1267
"C:/Users/Amir sanni/Documents/Unreal Projects/Roomba/Content/Characters/Mannequins/Textures/Quinn/T_Quinn_01_ASAOMASK_MSK.uexp" 1268
"C:/Users/Amir sanni/Documents/Unreal Projects/Roomba/Content/Characters/Mannequins/Textures/Quinn/T_Quinn_01ID_N.ubulk" 1269
"C:/Users/Amir sanni/Documents/Unreal Projects/Roomba/Content/Characters/Mannequins/Textures/Quinn/T_Quinn_01ID_N.uasset" 1270
"C:/Users/Amir sanni/Documents/Unreal Projects/Roomba/Content/Characters/Mannequins/Textures/Quinn/T_Quinn_01ID_N.uexp" 1271
"C:/Users/Amir sanni/Documents/Unreal Projects/Roomba/Content/Characters/Mannequins/Textures/Quinn/T_Quinn_01ID_BN.ubulk" 1272
"C:/Users/Amir sanni/Documents/Unreal Projects/Roomba/Content/Characters/Mannequins/Textures/Quinn/T_Quinn_01ID_BN.uasset" 1273
"C:/Users/Amir sanni/Documents/Unreal Projects/Roomba/Content/Characters/Mannequins/Textures/Quinn/T_Quinn_01ID_BN.uexp" 1274
"C:/Users/Amir sanni/Documents/Unreal Projects/Roomba/Content/Characters/Mannequins/Textures/Quinn/T_Quinn_01ID_D.ubulk" 1275
"C:/Users/Amir sanni/Documents/Unreal Projects/Roomba/Content/Characters/Mannequins/Textures/Quinn/T_Quinn_01ID_D.uasset" 1276
"C:/Users/Amir sanni/Documents/Unreal Projects/Roomba/Content/Characters/Mannequins/Textures/Quinn/T_Quinn_01ID_D.uexp" 1277
"C:/Users/Amir sanni/Documents/Unreal Projects/Roomba/Content/Characters/Mannequins/Textures/Quinn/T_Quinn_01ID_Tan.ubulk" 1278
"C:/Users/Amir sanni/Documents/Unreal Projects/Roomba/Content/Characters/Mannequins/Textures/Quinn/T_Quinn_01ID_Tan.uasset" 1279
"C:/Users/Amir sanni/Documents/Unreal Projects/Roomba/Content/Characters/Mannequins/Textures/Quinn/T_Quinn_01ID_Tan.uexp" 1280
"C:/Users/Amir sanni/Documents/Unreal Projects/Roomba/Content/Characters/Mannequins/Textures/Quinn/T_Quinn_01_CCRCCPlastic_MSK.ubulk" 1281
"C:/Users/Amir sanni/Documents/Unreal Projects/Roomba/Content/Characters/Mannequins/Textures/Quinn/T_Quinn_01_CCRCCPlastic_MSK.uasset" 1282
"C:/Users/Amir sanni/Documents/Unreal Projects/Roomba/Content/Characters/Mannequins/Textures/Quinn/T_Quinn_01_CCRCCPlastic_MSK.uexp" 1283
"C:/Users/Amir sanni/Documents/Unreal Projects/Roomba/Content/Characters/Mannequins/Materials/Instances/Quinn/MI_Quinn_01.uasset" 1284
"C:/Users/Amir sanni/Documents/Unreal Projects/Roomba/Content/Characters/Mannequins/Materials/Instances/Quinn/MI_Quinn_01.uexp" 1285
"C:/Users/Amir sanni/Documents/Unreal Projects/Roomba/Content/Characters/Mannequins/Textures/Quinn/T_Quinn_02ID_N.ubulk" 1286
"C:/Users/Amir sanni/Documents/Unreal Projects/Roomba/Content/Characters/Mannequins/Textures/Quinn/T_Quinn_02ID_N.uasset" 1287
"C:/Users/Amir sanni/Documents/Unreal Projects/Roomba/Content/Characters/Mannequins/Textures/Quinn/T_Quinn_02ID_N.uexp" 1288
"C:/Users/Amir sanni/Documents/Unreal Projects/Roomba/Content/Characters/Mannequins/Materials/Instances/Quinn/MI_Quinn_02.uasset" 1289
"C:/Users/Amir sanni/Documents/Unreal Projects/Roomba/Content/Characters/Mannequins/Materials/Instances/Quinn/MI_Quinn_02.uexp" 1290
"C:/Users/Amir sanni/Documents/Unreal Projects/Roomba/Content/Characters/Mannequins/Rigs/PA_Mannequin.uasset" 1291
"C:/Users/Amir sanni/Documents/Unreal Projects/Roomba/Content/Characters/Mannequins/Rigs/PA_Mannequin.uexp" 1292
"C:/Users/Amir sanni/Documents/Unreal Projects/Roomba/Content/Characters/Mannequins/Meshes/SKM_Quinn_Simple.uasset" 1293
"C:/Users/Amir sanni/Documents/Unreal Projects/Roomba/Content/Characters/Mannequins/Meshes/SKM_Quinn_Simple.uexp" 1294
"../../../Engine/Content/Animation/DefaultAnimCurveCompressionSettings.uasset" 1295
"../../../Engine/Content/Animation/DefaultAnimCurveCompressionSettings.uexp" 1296
"../../../Engine/Content/Animation/DefaultAnimBoneCompressionSettings.uasset" 1297
"../../../Engine/Content/Animation/DefaultAnimBoneCompressionSettings.uexp" 1298
"C:/Users/Amir sanni/Documents/Unreal Projects/Roomba/Content/Characters/Mannequins/Animations/Quinn/MF_Run_Fwd.uasset" 1299
"C:/Users/Amir sanni/Documents/Unreal Projects/Roomba/Content/Characters/Mannequins/Animations/Quinn/MF_Run_Fwd.uexp" 1300
"C:/Users/Amir sanni/Documents/Unreal Projects/Roomba/Content/Characters/Mannequins/Animations/Quinn/MF_Walk_Fwd.uasset" 1301
"C:/Users/Amir sanni/Documents/Unreal Projects/Roomba/Content/Characters/Mannequins/Animations/Quinn/MF_Walk_Fwd.uexp" 1302
"../../../Engine/Content/Animation/DefaultRecorderBoneCompression.uasset" 1303
"../../../Engine/Content/Animation/DefaultRecorderBoneCompression.uexp" 1304
"C:/Users/Amir sanni/Documents/Unreal Projects/Roomba/Content/Characters/Mannequins/Animations/Manny/MM_Walk_InPlace.uasset" 1305
"C:/Users/Amir sanni/Documents/Unreal Projects/Roomba/Content/Characters/Mannequins/Animations/Manny/MM_Walk_InPlace.uexp" 1306
"C:/Users/Amir sanni/Documents/Unreal Projects/Roomba/Content/Characters/Mannequins/Animations/Quinn/BS_MF_Unarmed_WalkRun.uasset" 1307
"C:/Users/Amir sanni/Documents/Unreal Projects/Roomba/Content/Characters/Mannequins/Animations/Quinn/BS_MF_Unarmed_WalkRun.uexp" 1308
"C:/Users/Amir sanni/Documents/Unreal Projects/Roomba/Content/Characters/Mannequins/Animations/Quinn/MF_Idle.uasset" 1309
"C:/Users/Amir sanni/Documents/Unreal Projects/Roomba/Content/Characters/Mannequins/Animations/Quinn/MF_Idle.uexp" 1310
"../../../Engine/Content/Animation/DefaultVariableFrameStrippingSettings.uasset" 1311
"../../../Engine/Content/Animation/DefaultVariableFrameStrippingSettings.uexp" 1312
"C:/Users/Amir sanni/Documents/Unreal Projects/Roomba/Content/Characters/Mannequins/Animations/Manny/MM_Fall_Loop.uasset" 1313
"C:/Users/Amir sanni/Documents/Unreal Projects/Roomba/Content/Characters/Mannequins/Animations/Manny/MM_Fall_Loop.uexp" 1314
"C:/Users/Amir sanni/Documents/Unreal Projects/Roomba/Content/Characters/Mannequins/Animations/Manny/MM_Jump.uasset" 1315
"C:/Users/Amir sanni/Documents/Unreal Projects/Roomba/Content/Characters/Mannequins/Animations/Manny/MM_Jump.uexp" 1316
"../../../Engine/Plugins/Animation/ControlRig/Content/Controls/DefaultGizmoLibrary.uasset" 1317
"../../../Engine/Plugins/Animation/ControlRig/Content/Controls/DefaultGizmoLibrary.uexp" 1318
"C:/Users/Amir sanni/Documents/Unreal Projects/Roomba/Content/Characters/Mannequins/Rigs/CR_Mannequin_BasicFootIK.uasset" 1319
"C:/Users/Amir sanni/Documents/Unreal Projects/Roomba/Content/Characters/Mannequins/Rigs/CR_Mannequin_BasicFootIK.uexp" 1320
"C:/Users/Amir sanni/Documents/Unreal Projects/Roomba/Content/Characters/Mannequins/Animations/Manny/MM_Run_Fwd.uasset" 1321
"C:/Users/Amir sanni/Documents/Unreal Projects/Roomba/Content/Characters/Mannequins/Animations/Manny/MM_Run_Fwd.uexp" 1322
"C:/Users/Amir sanni/Documents/Unreal Projects/Roomba/Content/Characters/Mannequins/Animations/Manny/MM_Walk_Fwd.uasset" 1323
"C:/Users/Amir sanni/Documents/Unreal Projects/Roomba/Content/Characters/Mannequins/Animations/Manny/MM_Walk_Fwd.uexp" 1324
"C:/Users/Amir sanni/Documents/Unreal Projects/Roomba/Content/Characters/Mannequins/Animations/Manny/BS_MM_WalkRun.uasset" 1325
"C:/Users/Amir sanni/Documents/Unreal Projects/Roomba/Content/Characters/Mannequins/Animations/Manny/BS_MM_WalkRun.uexp" 1326
"C:/Users/Amir sanni/Documents/Unreal Projects/Roomba/Content/Characters/Mannequins/Animations/Manny/MM_Land.uasset" 1327
"C:/Users/Amir sanni/Documents/Unreal Projects/Roomba/Content/Characters/Mannequins/Animations/Manny/MM_Land.uexp" 1328
"C:/Users/Amir sanni/Documents/Unreal Projects/Roomba/Content/Characters/Mannequins/Animations/Manny/MM_Idle.uasset" 1329
"C:/Users/Amir sanni/Documents/Unreal Projects/Roomba/Content/Characters/Mannequins/Animations/Manny/MM_Idle.uexp" 1330
"C:/Users/Amir sanni/Documents/Unreal Projects/Roomba/Content/Characters/Mannequins/Animations/ABP_Manny.uasset" 1331
"C:/Users/Amir sanni/Documents/Unreal Projects/Roomba/Content/Characters/Mannequins/Animations/ABP_Manny.uexp" 1332
"C:/Users/Amir sanni/Documents/Unreal Projects/Roomba/Content/Characters/Mannequins/Animations/ABP_Quinn.uasset" 1333
"C:/Users/Amir sanni/Documents/Unreal Projects/Roomba/Content/Characters/Mannequins/Animations/ABP_Quinn.uexp" 1334
"C:/Users/Amir sanni/Documents/Unreal Projects/Roomba/Content/Menu/2dAssets/Fonts/OvercameDemoOutline.uexp" 1335
"C:/Users/Amir sanni/Documents/Unreal Projects/Roomba/Content/Menu/2dAssets/Fonts/OvercameDemoOutline.uasset" 1336
"C:/Users/Amir sanni/Documents/Unreal Projects/Roomba/Content/Menu/2dAssets/Fonts/OvercameDemoOutline.ufont" 1337
"C:/Users/Amir sanni/Documents/Unreal Projects/Roomba/Content/Menu/2dAssets/Fonts/OvercameDemoOutline_Font.uasset" 1338
"C:/Users/Amir sanni/Documents/Unreal Projects/Roomba/Content/Menu/2dAssets/Fonts/OvercameDemoOutline_Font.uexp" 1339
"C:/Users/Amir sanni/Documents/Unreal Projects/Roomba/Content/Menu/2dAssets/Fonts/OvercameDemoItalic.uexp" 1340
"C:/Users/Amir sanni/Documents/Unreal Projects/Roomba/Content/Menu/2dAssets/Fonts/OvercameDemoItalic.uasset" 1341
"C:/Users/Amir sanni/Documents/Unreal Projects/Roomba/Content/Menu/2dAssets/Fonts/OvercameDemoItalic.ufont" 1342
"C:/Users/Amir sanni/Documents/Unreal Projects/Roomba/Content/Menu/2dAssets/Fonts/OvercameDemoItalic_Font.uasset" 1343
"C:/Users/Amir sanni/Documents/Unreal Projects/Roomba/Content/Menu/2dAssets/Fonts/OvercameDemoItalic_Font.uexp" 1344
"C:/Users/Amir sanni/Documents/Unreal Projects/Roomba/Content/Menu/2dAssets/Fonts/OvercameDemoBold.uexp" 1345
"C:/Users/Amir sanni/Documents/Unreal Projects/Roomba/Content/Menu/2dAssets/Fonts/OvercameDemoBold.uasset" 1346
"C:/Users/Amir sanni/Documents/Unreal Projects/Roomba/Content/Menu/2dAssets/Fonts/OvercameDemoBold.ufont" 1347
"C:/Users/Amir sanni/Documents/Unreal Projects/Roomba/Content/Menu/2dAssets/Fonts/OvercameDemoBold_Font.uasset" 1348
"C:/Users/Amir sanni/Documents/Unreal Projects/Roomba/Content/Menu/2dAssets/Fonts/OvercameDemoBold_Font.uexp" 1349
"C:/Users/Amir sanni/Documents/Unreal Projects/Roomba/Content/Menu/2dAssets/Fonts/OvercameDemoBoldItalic.uexp" 1350
"C:/Users/Amir sanni/Documents/Unreal Projects/Roomba/Content/Menu/2dAssets/Fonts/OvercameDemoBoldItalic.uasset" 1351
"C:/Users/Amir sanni/Documents/Unreal Projects/Roomba/Content/Menu/2dAssets/Fonts/OvercameDemoBoldItalic.ufont" 1352
"C:/Users/Amir sanni/Documents/Unreal Projects/Roomba/Content/Menu/2dAssets/Fonts/OvercameDemoBoldItalic_Font.uasset" 1353
"C:/Users/Amir sanni/Documents/Unreal Projects/Roomba/Content/Menu/2dAssets/Fonts/OvercameDemoBoldItalic_Font.uexp" 1354
"C:/Users/Amir sanni/Documents/Unreal Projects/Roomba/Content/Characters/Mannequin_UE4/Rigs/RTG_UE5Manny_UE4Manny.uasset" 1355
"C:/Users/Amir sanni/Documents/Unreal Projects/Roomba/Content/Characters/Mannequin_UE4/Rigs/RTG_UE5Manny_UE4Manny.uexp" 1356
"C:/Users/Amir sanni/Documents/Unreal Projects/Roomba/Content/Characters/Mannequin_UE4/Rigs/RTG_UE4Manny_UE5Manny.uasset" 1357
"C:/Users/Amir sanni/Documents/Unreal Projects/Roomba/Content/Characters/Mannequin_UE4/Rigs/RTG_UE4Manny_UE5Manny.uexp" 1358
"C:/Users/Amir sanni/Documents/Unreal Projects/Roomba/Content/Characters/Mannequin_UE4/Rigs/IK_UE4_Mannequin.uasset" 1359
"C:/Users/Amir sanni/Documents/Unreal Projects/Roomba/Content/Characters/Mannequin_UE4/Rigs/IK_UE4_Mannequin.uexp" 1360
"C:/Users/Amir sanni/Documents/Unreal Projects/Roomba/Content/Characters/Mannequin_UE4/Textures/T_UELogo_N_TGA.ubulk" 1361
"C:/Users/Amir sanni/Documents/Unreal Projects/Roomba/Content/Characters/Mannequin_UE4/Textures/T_UELogo_N_TGA.uasset" 1362
"C:/Users/Amir sanni/Documents/Unreal Projects/Roomba/Content/Characters/Mannequin_UE4/Textures/T_UELogo_N_TGA.uexp" 1363
"C:/Users/Amir sanni/Documents/Unreal Projects/Roomba/Content/Characters/Mannequin_UE4/Textures/T_UE4_Mannequin__normals.ubulk" 1364
"C:/Users/Amir sanni/Documents/Unreal Projects/Roomba/Content/Characters/Mannequin_UE4/Textures/T_UE4_Mannequin__normals.uasset" 1365
"C:/Users/Amir sanni/Documents/Unreal Projects/Roomba/Content/Characters/Mannequin_UE4/Textures/T_UE4_Mannequin__normals.uexp" 1366
"C:/Users/Amir sanni/Documents/Unreal Projects/Roomba/Content/Characters/Mannequin_UE4/Materials/Layers/ML_ShinyPlastic_Beige.uasset" 1367
"C:/Users/Amir sanni/Documents/Unreal Projects/Roomba/Content/Characters/Mannequin_UE4/Materials/Layers/ML_ShinyPlastic_Beige.uexp" 1368
"../../../Engine/Content/Functions/MaterialLayerFunctions/MatLayerBlend_NormalBlend.uasset" 1369
"../../../Engine/Content/Functions/MaterialLayerFunctions/MatLayerBlend_NormalBlend.uexp" 1370
"C:/Users/Amir sanni/Documents/Unreal Projects/Roomba/Content/Characters/Mannequin_UE4/Textures/T_UELogo_Mask.ubulk" 1371
"C:/Users/Amir sanni/Documents/Unreal Projects/Roomba/Content/Characters/Mannequin_UE4/Textures/T_UELogo_Mask.uasset" 1372
"C:/Users/Amir sanni/Documents/Unreal Projects/Roomba/Content/Characters/Mannequin_UE4/Textures/T_UELogo_Mask.uexp" 1373
"C:/Users/Amir sanni/Documents/Unreal Projects/Roomba/Content/Characters/Mannequin_UE4/Materials/Layers/ML_ShinyPlastic_Beige_Logo.uasset" 1374
"C:/Users/Amir sanni/Documents/Unreal Projects/Roomba/Content/Characters/Mannequin_UE4/Materials/Layers/ML_ShinyPlastic_Beige_Logo.uexp" 1375
"C:/Users/Amir sanni/Documents/Unreal Projects/Roomba/Content/Characters/Mannequin_UE4/Textures/T_UE4_Mannequin_MAT_MASKA.ubulk" 1376
"C:/Users/Amir sanni/Documents/Unreal Projects/Roomba/Content/Characters/Mannequin_UE4/Textures/T_UE4_Mannequin_MAT_MASKA.uasset" 1377
"C:/Users/Amir sanni/Documents/Unreal Projects/Roomba/Content/Characters/Mannequin_UE4/Textures/T_UE4_Mannequin_MAT_MASKA.uexp" 1378
"C:/Users/Amir sanni/Documents/Unreal Projects/Roomba/Content/Characters/Mannequin_UE4/Textures/T_ML_Aluminum01_N.ubulk" 1379
"C:/Users/Amir sanni/Documents/Unreal Projects/Roomba/Content/Characters/Mannequin_UE4/Textures/T_ML_Aluminum01_N.uasset" 1380
"C:/Users/Amir sanni/Documents/Unreal Projects/Roomba/Content/Characters/Mannequin_UE4/Textures/T_ML_Aluminum01_N.uexp" 1381
"C:/Users/Amir sanni/Documents/Unreal Projects/Roomba/Content/Characters/Mannequin_UE4/Textures/T_ML_Aluminum01.ubulk" 1382
"C:/Users/Amir sanni/Documents/Unreal Projects/Roomba/Content/Characters/Mannequin_UE4/Textures/T_ML_Aluminum01.uasset" 1383
"C:/Users/Amir sanni/Documents/Unreal Projects/Roomba/Content/Characters/Mannequin_UE4/Textures/T_ML_Aluminum01.uexp" 1384
"C:/Users/Amir sanni/Documents/Unreal Projects/Roomba/Content/Characters/Mannequin_UE4/Materials/Layers/ML_SoftMetal.uasset" 1385
"C:/Users/Amir sanni/Documents/Unreal Projects/Roomba/Content/Characters/Mannequin_UE4/Materials/Layers/ML_SoftMetal.uexp" 1386
"../../../Engine/Content/Functions/MaterialLayerFunctions/MatLayerBlend_Simple.uasset" 1387
"../../../Engine/Content/Functions/MaterialLayerFunctions/MatLayerBlend_Simple.uexp" 1388
"C:/Users/Amir sanni/Documents/Unreal Projects/Roomba/Content/Characters/Mannequin_UE4/Textures/T_ML_Rubber_Blue_01_N.ubulk" 1389
"C:/Users/Amir sanni/Documents/Unreal Projects/Roomba/Content/Characters/Mannequin_UE4/Textures/T_ML_Rubber_Blue_01_N.uasset" 1390
"C:/Users/Amir sanni/Documents/Unreal Projects/Roomba/Content/Characters/Mannequin_UE4/Textures/T_ML_Rubber_Blue_01_N.uexp" 1391
"C:/Users/Amir sanni/Documents/Unreal Projects/Roomba/Content/Characters/Mannequin_UE4/Textures/T_ML_Rubber_Blue_01_D.ubulk" 1392
"C:/Users/Amir sanni/Documents/Unreal Projects/Roomba/Content/Characters/Mannequin_UE4/Textures/T_ML_Rubber_Blue_01_D.uasset" 1393
"C:/Users/Amir sanni/Documents/Unreal Projects/Roomba/Content/Characters/Mannequin_UE4/Textures/T_ML_Rubber_Blue_01_D.uexp" 1394
"C:/Users/Amir sanni/Documents/Unreal Projects/Roomba/Content/Characters/Mannequin_UE4/Materials/Layers/ML_Latex_Black.uasset" 1395
"C:/Users/Amir sanni/Documents/Unreal Projects/Roomba/Content/Characters/Mannequin_UE4/Materials/Layers/ML_Latex_Black.uexp" 1396
"C:/Users/Amir sanni/Documents/Unreal Projects/Roomba/Content/Characters/Mannequin_UE4/Materials/M_MannequinUE4_Body.uasset" 1397
"C:/Users/Amir sanni/Documents/Unreal Projects/Roomba/Content/Characters/Mannequin_UE4/Materials/M_MannequinUE4_Body.uexp" 1398
"C:/Users/Amir sanni/Documents/Unreal Projects/Roomba/Content/Characters/Mannequin_UE4/Materials/M_MannequinUE4_ChestLogo.uasset" 1399
"C:/Users/Amir sanni/Documents/Unreal Projects/Roomba/Content/Characters/Mannequin_UE4/Materials/M_MannequinUE4_ChestLogo.uexp" 1400
"C:/Users/Amir sanni/Documents/Unreal Projects/Roomba/Content/Characters/Mannequin_UE4/Meshes/SK_Mannequin_PhysicsAsset.uasset" 1401
"C:/Users/Amir sanni/Documents/Unreal Projects/Roomba/Content/Characters/Mannequin_UE4/Meshes/SK_Mannequin_PhysicsAsset.uexp" 1402
"C:/Users/Amir sanni/Documents/Unreal Projects/Roomba/Content/Characters/Mannequin_UE4/Meshes/SK_Mannequin_Skeleton.uasset" 1403
"C:/Users/Amir sanni/Documents/Unreal Projects/Roomba/Content/Characters/Mannequin_UE4/Meshes/SK_Mannequin_Skeleton.uexp" 1404
"C:/Users/Amir sanni/Documents/Unreal Projects/Roomba/Content/Characters/Mannequin_UE4/Meshes/SK_Mannequin.uasset" 1405
"C:/Users/Amir sanni/Documents/Unreal Projects/Roomba/Content/Characters/Mannequin_UE4/Meshes/SK_Mannequin.uexp" 1406
"C:/Users/Amir sanni/Documents/Unreal Projects/Roomba/Content/Characters/Mannequin_UE4/Animations/Jog_Fwd.uasset" 1407
"C:/Users/Amir sanni/Documents/Unreal Projects/Roomba/Content/Characters/Mannequin_UE4/Animations/Jog_Fwd.uexp" 1408
"C:/Users/Amir sanni/Documents/Unreal Projects/Roomba/Content/Characters/Mannequins/Rigs/RTG_Mannequin.uasset" 1409
"C:/Users/Amir sanni/Documents/Unreal Projects/Roomba/Content/Characters/Mannequins/Rigs/RTG_Mannequin.uexp" 1410
"C:/Users/Amir sanni/Documents/Unreal Projects/Roomba/Content/Characters/Mannequins/Rigs/IK_Mannequin.uasset" 1411
"C:/Users/Amir sanni/Documents/Unreal Projects/Roomba/Content/Characters/Mannequins/Rigs/IK_Mannequin.uexp" 1412
"../../../Engine/Plugins/Animation/ControlRig/Content/Controls/DefaultGizmoLibraryNormalized.uasset" 1413
"../../../Engine/Plugins/Animation/ControlRig/Content/Controls/DefaultGizmoLibraryNormalized.uexp" 1414
"C:/Users/Amir sanni/Documents/Unreal Projects/Roomba/Content/Characters/Mannequins/Rigs/CR_Mannequin_Body.uasset" 1415
"C:/Users/Amir sanni/Documents/Unreal Projects/Roomba/Content/Characters/Mannequins/Rigs/CR_Mannequin_Body.uexp" 1416
"C:/Users/Amir sanni/Documents/Unreal Projects/Roomba/Content/Characters/Mannequins/Rigs/Poses/Quinn/Quinn_foot_l_anim.uasset" 1417
"C:/Users/Amir sanni/Documents/Unreal Projects/Roomba/Content/Characters/Mannequins/Rigs/Poses/Quinn/Quinn_foot_l_anim.uexp" 1418
"C:/Users/Amir sanni/Documents/Unreal Projects/Roomba/Content/Characters/Mannequins/Rigs/Poses/Quinn/Quinn_foot_l_pose.uasset" 1419
"C:/Users/Amir sanni/Documents/Unreal Projects/Roomba/Content/Characters/Mannequins/Rigs/Poses/Quinn/Quinn_foot_l_pose.uexp" 1420
"C:/Users/Amir sanni/Documents/Unreal Projects/Roomba/Content/Characters/Mannequins/Rigs/Poses/Quinn/Quinn_clavicle_l_anim.uasset" 1421
"C:/Users/Amir sanni/Documents/Unreal Projects/Roomba/Content/Characters/Mannequins/Rigs/Poses/Quinn/Quinn_clavicle_l_anim.uexp" 1422
"C:/Users/Amir sanni/Documents/Unreal Projects/Roomba/Content/Characters/Mannequins/Rigs/Poses/Quinn/Quinn_clavicle_l_pose.uasset" 1423
"C:/Users/Amir sanni/Documents/Unreal Projects/Roomba/Content/Characters/Mannequins/Rigs/Poses/Quinn/Quinn_clavicle_l_pose.uexp" 1424
"C:/Users/Amir sanni/Documents/Unreal Projects/Roomba/Content/Characters/Mannequins/Rigs/Poses/Quinn/Quinn_clavicle_r_anim.uasset" 1425
"C:/Users/Amir sanni/Documents/Unreal Projects/Roomba/Content/Characters/Mannequins/Rigs/Poses/Quinn/Quinn_clavicle_r_anim.uexp" 1426
"C:/Users/Amir sanni/Documents/Unreal Projects/Roomba/Content/Characters/Mannequins/Rigs/Poses/Quinn/Quinn_clavicle_r_pose.uasset" 1427
"C:/Users/Amir sanni/Documents/Unreal Projects/Roomba/Content/Characters/Mannequins/Rigs/Poses/Quinn/Quinn_clavicle_r_pose.uexp" 1428
"C:/Users/Amir sanni/Documents/Unreal Projects/Roomba/Content/Characters/Mannequins/Rigs/Poses/Quinn/Quinn_upperarm_l_anim.uasset" 1429
"C:/Users/Amir sanni/Documents/Unreal Projects/Roomba/Content/Characters/Mannequins/Rigs/Poses/Quinn/Quinn_upperarm_l_anim.uexp" 1430
"C:/Users/Amir sanni/Documents/Unreal Projects/Roomba/Content/Characters/Mannequins/Rigs/Poses/Quinn/Quinn_upperarm_l_pose.uasset" 1431
"C:/Users/Amir sanni/Documents/Unreal Projects/Roomba/Content/Characters/Mannequins/Rigs/Poses/Quinn/Quinn_upperarm_l_pose.uexp" 1432
"C:/Users/Amir sanni/Documents/Unreal Projects/Roomba/Content/Characters/Mannequins/Rigs/Poses/Quinn/Quinn_lowerarm_l_anim.uasset" 1433
"C:/Users/Amir sanni/Documents/Unreal Projects/Roomba/Content/Characters/Mannequins/Rigs/Poses/Quinn/Quinn_lowerarm_l_anim.uexp" 1434
"C:/Users/Amir sanni/Documents/Unreal Projects/Roomba/Content/Characters/Mannequins/Rigs/Poses/Quinn/Quinn_lowerarm_l_pose.uasset" 1435
"C:/Users/Amir sanni/Documents/Unreal Projects/Roomba/Content/Characters/Mannequins/Rigs/Poses/Quinn/Quinn_lowerarm_l_pose.uexp" 1436
"C:/Users/Amir sanni/Documents/Unreal Projects/Roomba/Content/Characters/Mannequins/Rigs/Poses/Quinn/Quinn_calf_l_anim.uasset" 1437
"C:/Users/Amir sanni/Documents/Unreal Projects/Roomba/Content/Characters/Mannequins/Rigs/Poses/Quinn/Quinn_calf_l_anim.uexp" 1438
"C:/Users/Amir sanni/Documents/Unreal Projects/Roomba/Content/Characters/Mannequins/Rigs/Poses/Quinn/Quinn_calf_l_pose.uasset" 1439
"C:/Users/Amir sanni/Documents/Unreal Projects/Roomba/Content/Characters/Mannequins/Rigs/Poses/Quinn/Quinn_calf_l_pose.uexp" 1440
"C:/Users/Amir sanni/Documents/Unreal Projects/Roomba/Content/Characters/Mannequins/Rigs/CR_Mannequin_Procedural.uasset" 1441
"C:/Users/Amir sanni/Documents/Unreal Projects/Roomba/Content/Characters/Mannequins/Rigs/CR_Mannequin_Procedural.uexp" 1442
"C:/Users/Amir sanni/Documents/Unreal Projects/Roomba/Content/Characters/Mannequins/Rigs/Poses/Quinn/Quinn_upperarm_r_anim.uasset" 1443
"C:/Users/Amir sanni/Documents/Unreal Projects/Roomba/Content/Characters/Mannequins/Rigs/Poses/Quinn/Quinn_upperarm_r_anim.uexp" 1444
"C:/Users/Amir sanni/Documents/Unreal Projects/Roomba/Content/Characters/Mannequins/Rigs/Poses/Quinn/Quinn_upperarm_r_pose.uasset" 1445
"C:/Users/Amir sanni/Documents/Unreal Projects/Roomba/Content/Characters/Mannequins/Rigs/Poses/Quinn/Quinn_upperarm_r_pose.uexp" 1446
"C:/Users/Amir sanni/Documents/Unreal Projects/Roomba/Content/Characters/Mannequins/Rigs/Poses/Quinn/Quinn_calf_r_anim.uasset" 1447
"C:/Users/Amir sanni/Documents/Unreal Projects/Roomba/Content/Characters/Mannequins/Rigs/Poses/Quinn/Quinn_calf_r_anim.uexp" 1448
"C:/Users/Amir sanni/Documents/Unreal Projects/Roomba/Content/Characters/Mannequins/Rigs/Poses/Quinn/Quinn_calf_r_pose.uasset" 1449
"C:/Users/Amir sanni/Documents/Unreal Projects/Roomba/Content/Characters/Mannequins/Rigs/Poses/Quinn/Quinn_calf_r_pose.uexp" 1450
"C:/Users/Amir sanni/Documents/Unreal Projects/Roomba/Content/Characters/Mannequins/Rigs/Poses/Quinn/Quinn_foot_r_anim.uasset" 1451
"C:/Users/Amir sanni/Documents/Unreal Projects/Roomba/Content/Characters/Mannequins/Rigs/Poses/Quinn/Quinn_foot_r_anim.uexp" 1452
"C:/Users/Amir sanni/Documents/Unreal Projects/Roomba/Content/Characters/Mannequins/Rigs/Poses/Quinn/Quinn_foot_r_pose.uasset" 1453
"C:/Users/Amir sanni/Documents/Unreal Projects/Roomba/Content/Characters/Mannequins/Rigs/Poses/Quinn/Quinn_foot_r_pose.uexp" 1454
"C:/Users/Amir sanni/Documents/Unreal Projects/Roomba/Content/Characters/Mannequins/Rigs/Poses/Quinn/Quinn_lowerarm_r_anim.uasset" 1455
"C:/Users/Amir sanni/Documents/Unreal Projects/Roomba/Content/Characters/Mannequins/Rigs/Poses/Quinn/Quinn_lowerarm_r_anim.uexp" 1456
"C:/Users/Amir sanni/Documents/Unreal Projects/Roomba/Content/Characters/Mannequins/Rigs/Poses/Quinn/Quinn_lowerarm_r_pose.uasset" 1457
"C:/Users/Amir sanni/Documents/Unreal Projects/Roomba/Content/Characters/Mannequins/Rigs/Poses/Quinn/Quinn_lowerarm_r_pose.uexp" 1458
"C:/Users/Amir sanni/Documents/Unreal Projects/Roomba/Content/Characters/Mannequins/Rigs/Poses/Quinn/Quinn_thigh_l_anim.uasset" 1459
"C:/Users/Amir sanni/Documents/Unreal Projects/Roomba/Content/Characters/Mannequins/Rigs/Poses/Quinn/Quinn_thigh_l_anim.uexp" 1460
"C:/Users/Amir sanni/Documents/Unreal Projects/Roomba/Content/Characters/Mannequins/Rigs/Poses/Quinn/Quinn_thigh_l_pose.uasset" 1461
"C:/Users/Amir sanni/Documents/Unreal Projects/Roomba/Content/Characters/Mannequins/Rigs/Poses/Quinn/Quinn_thigh_l_pose.uexp" 1462
"C:/Users/Amir sanni/Documents/Unreal Projects/Roomba/Content/Characters/Mannequins/Rigs/Poses/Quinn/Quinn_thigh_r_anim.uasset" 1463
"C:/Users/Amir sanni/Documents/Unreal Projects/Roomba/Content/Characters/Mannequins/Rigs/Poses/Quinn/Quinn_thigh_r_anim.uexp" 1464
"C:/Users/Amir sanni/Documents/Unreal Projects/Roomba/Content/Characters/Mannequins/Rigs/Poses/Quinn/Quinn_thigh_r_pose.uasset" 1465
"C:/Users/Amir sanni/Documents/Unreal Projects/Roomba/Content/Characters/Mannequins/Rigs/Poses/Quinn/Quinn_thigh_r_pose.uexp" 1466
"C:/Users/Amir sanni/Documents/Unreal Projects/Roomba/Content/Characters/Mannequins/Rigs/Poses/Quinn/Quinn_hand_l_anim.uasset" 1467
"C:/Users/Amir sanni/Documents/Unreal Projects/Roomba/Content/Characters/Mannequins/Rigs/Poses/Quinn/Quinn_hand_l_anim.uexp" 1468
"C:/Users/Amir sanni/Documents/Unreal Projects/Roomba/Content/Characters/Mannequins/Rigs/Poses/Quinn/Quinn_hand_l_pose.uasset" 1469
"C:/Users/Amir sanni/Documents/Unreal Projects/Roomba/Content/Characters/Mannequins/Rigs/Poses/Quinn/Quinn_hand_l_pose.uexp" 1470
"C:/Users/Amir sanni/Documents/Unreal Projects/Roomba/Content/Characters/Mannequins/Rigs/Poses/Quinn/Quinn_hand_r_anim.uasset" 1471
"C:/Users/Amir sanni/Documents/Unreal Projects/Roomba/Content/Characters/Mannequins/Rigs/Poses/Quinn/Quinn_hand_r_anim.uexp" 1472
"C:/Users/Amir sanni/Documents/Unreal Projects/Roomba/Content/Characters/Mannequins/Rigs/Poses/Quinn/Quinn_hand_r_pose.uasset" 1473
"C:/Users/Amir sanni/Documents/Unreal Projects/Roomba/Content/Characters/Mannequins/Rigs/Poses/Quinn/Quinn_hand_r_pose.uexp" 1474
"C:/Users/Amir sanni/Documents/Unreal Projects/Roomba/Content/Characters/Mannequins/Rigs/ABP_Quinn_PostProcess.uasset" 1475
"C:/Users/Amir sanni/Documents/Unreal Projects/Roomba/Content/Characters/Mannequins/Rigs/ABP_Quinn_PostProcess.uexp" 1476
"C:/Users/Amir sanni/Documents/Unreal Projects/Roomba/Content/Characters/Mannequins/Meshes/SKM_Quinn.uasset" 1477
"C:/Users/Amir sanni/Documents/Unreal Projects/Roomba/Content/Characters/Mannequins/Meshes/SKM_Quinn.uexp" 1478
"C:/Users/Amir sanni/Documents/Unreal Projects/Roomba/Content/Characters/Mannequins/Textures/Manny/T_Manny_02_MSR_MSK.ubulk" 1479
"C:/Users/Amir sanni/Documents/Unreal Projects/Roomba/Content/Characters/Mannequins/Textures/Manny/T_Manny_02_MSR_MSK.uasset" 1480
"C:/Users/Amir sanni/Documents/Unreal Projects/Roomba/Content/Characters/Mannequins/Textures/Manny/T_Manny_02_MSR_MSK.uexp" 1481
"C:/Users/Amir sanni/Documents/Unreal Projects/Roomba/Content/Characters/Mannequins/Textures/Manny/T_Manny_02_CCRCCPlastic_MSK.ubulk" 1482
"C:/Users/Amir sanni/Documents/Unreal Projects/Roomba/Content/Characters/Mannequins/Textures/Manny/T_Manny_02_CCRCCPlastic_MSK.uasset" 1483
"C:/Users/Amir sanni/Documents/Unreal Projects/Roomba/Content/Characters/Mannequins/Textures/Manny/T_Manny_02_CCRCCPlastic_MSK.uexp" 1484
"C:/Users/Amir sanni/Documents/Unreal Projects/Roomba/Content/Characters/Mannequins/Textures/Manny/T_Manny_02_Tan.ubulk" 1485
"C:/Users/Amir sanni/Documents/Unreal Projects/Roomba/Content/Characters/Mannequins/Textures/Manny/T_Manny_02_Tan.uasset" 1486
"C:/Users/Amir sanni/Documents/Unreal Projects/Roomba/Content/Characters/Mannequins/Textures/Manny/T_Manny_02_Tan.uexp" 1487
"C:/Users/Amir sanni/Documents/Unreal Projects/Roomba/Content/Characters/Mannequins/Textures/Manny/T_Manny_02_N.ubulk" 1488
"C:/Users/Amir sanni/Documents/Unreal Projects/Roomba/Content/Characters/Mannequins/Textures/Manny/T_Manny_02_N.uasset" 1489
"C:/Users/Amir sanni/Documents/Unreal Projects/Roomba/Content/Characters/Mannequins/Textures/Manny/T_Manny_02_N.uexp" 1490
"C:/Users/Amir sanni/Documents/Unreal Projects/Roomba/Content/Characters/Mannequins/Materials/Instances/Manny/MI_Manny_01.uasset" 1491
"C:/Users/Amir sanni/Documents/Unreal Projects/Roomba/Content/Characters/Mannequins/Materials/Instances/Manny/MI_Manny_01.uexp" 1492
"C:/Users/Amir sanni/Documents/Unreal Projects/Roomba/Content/Characters/Mannequins/Textures/Manny/T_Manny_02_BN.ubulk" 1493
"C:/Users/Amir sanni/Documents/Unreal Projects/Roomba/Content/Characters/Mannequins/Textures/Manny/T_Manny_02_BN.uasset" 1494
"C:/Users/Amir sanni/Documents/Unreal Projects/Roomba/Content/Characters/Mannequins/Textures/Manny/T_Manny_02_BN.uexp" 1495
"C:/Users/Amir sanni/Documents/Unreal Projects/Roomba/Content/Characters/Mannequins/Textures/Manny/T_Manny_02_ASAOPMASK_MSK.ubulk" 1496
"C:/Users/Amir sanni/Documents/Unreal Projects/Roomba/Content/Characters/Mannequins/Textures/Manny/T_Manny_02_ASAOPMASK_MSK.uasset" 1497
"C:/Users/Amir sanni/Documents/Unreal Projects/Roomba/Content/Characters/Mannequins/Textures/Manny/T_Manny_02_ASAOPMASK_MSK.uexp" 1498
"C:/Users/Amir sanni/Documents/Unreal Projects/Roomba/Content/Characters/Mannequins/Textures/Manny/T_Manny_02_D.ubulk" 1499
"C:/Users/Amir sanni/Documents/Unreal Projects/Roomba/Content/Characters/Mannequins/Textures/Manny/T_Manny_02_D.uasset" 1500
"C:/Users/Amir sanni/Documents/Unreal Projects/Roomba/Content/Characters/Mannequins/Textures/Manny/T_Manny_02_D.uexp" 1501
"C:/Users/Amir sanni/Documents/Unreal Projects/Roomba/Content/Characters/Mannequins/Materials/Instances/Manny/MI_Manny_02.uasset" 1502
"C:/Users/Amir sanni/Documents/Unreal Projects/Roomba/Content/Characters/Mannequins/Materials/Instances/Manny/MI_Manny_02.uexp" 1503
"C:/Users/Amir sanni/Documents/Unreal Projects/Roomba/Content/Characters/Mannequins/Meshes/SKM_Manny_Simple.uasset" 1504
"C:/Users/Amir sanni/Documents/Unreal Projects/Roomba/Content/Characters/Mannequins/Meshes/SKM_Manny_Simple.uexp" 1505
"C:/Users/Amir sanni/Documents/Unreal Projects/Roomba/Content/Characters/Mannequins/Rigs/Poses/Manny/Manny_foot_l_anim.uasset" 1506
"C:/Users/Amir sanni/Documents/Unreal Projects/Roomba/Content/Characters/Mannequins/Rigs/Poses/Manny/Manny_foot_l_anim.uexp" 1507
"C:/Users/Amir sanni/Documents/Unreal Projects/Roomba/Content/Characters/Mannequins/Rigs/Poses/Manny/Manny_foot_l_pose.uasset" 1508
"C:/Users/Amir sanni/Documents/Unreal Projects/Roomba/Content/Characters/Mannequins/Rigs/Poses/Manny/Manny_foot_l_pose.uexp" 1509
"C:/Users/Amir sanni/Documents/Unreal Projects/Roomba/Content/Characters/Mannequins/Rigs/Poses/Manny/Manny_thigh_r_anim.uasset" 1510
"C:/Users/Amir sanni/Documents/Unreal Projects/Roomba/Content/Characters/Mannequins/Rigs/Poses/Manny/Manny_thigh_r_anim.uexp" 1511
"C:/Users/Amir sanni/Documents/Unreal Projects/Roomba/Content/Characters/Mannequins/Rigs/Poses/Manny/Manny_thigh_r_pose.uasset" 1512
"C:/Users/Amir sanni/Documents/Unreal Projects/Roomba/Content/Characters/Mannequins/Rigs/Poses/Manny/Manny_thigh_r_pose.uexp" 1513
"C:/Users/Amir sanni/Documents/Unreal Projects/Roomba/Content/Characters/Mannequins/Rigs/Poses/Manny/Manny_hand_r_anim.uasset" 1514
"C:/Users/Amir sanni/Documents/Unreal Projects/Roomba/Content/Characters/Mannequins/Rigs/Poses/Manny/Manny_hand_r_anim.uexp" 1515
"C:/Users/Amir sanni/Documents/Unreal Projects/Roomba/Content/Characters/Mannequins/Rigs/Poses/Manny/Manny_hand_r_pose.uasset" 1516
"C:/Users/Amir sanni/Documents/Unreal Projects/Roomba/Content/Characters/Mannequins/Rigs/Poses/Manny/Manny_hand_r_pose.uexp" 1517
"C:/Users/Amir sanni/Documents/Unreal Projects/Roomba/Content/Characters/Mannequins/Rigs/Poses/Manny/Manny_clavicle_l_anim.uasset" 1518
"C:/Users/Amir sanni/Documents/Unreal Projects/Roomba/Content/Characters/Mannequins/Rigs/Poses/Manny/Manny_clavicle_l_anim.uexp" 1519
"C:/Users/Amir sanni/Documents/Unreal Projects/Roomba/Content/Characters/Mannequins/Rigs/Poses/Manny/Manny_clavicle_l_pose.uasset" 1520
"C:/Users/Amir sanni/Documents/Unreal Projects/Roomba/Content/Characters/Mannequins/Rigs/Poses/Manny/Manny_clavicle_l_pose.uexp" 1521
"C:/Users/Amir sanni/Documents/Unreal Projects/Roomba/Content/Characters/Mannequins/Rigs/Poses/Manny/Manny_calf_l_anim.uasset" 1522
"C:/Users/Amir sanni/Documents/Unreal Projects/Roomba/Content/Characters/Mannequins/Rigs/Poses/Manny/Manny_calf_l_anim.uexp" 1523
"C:/Users/Amir sanni/Documents/Unreal Projects/Roomba/Content/Characters/Mannequins/Rigs/Poses/Manny/Manny_calf_l_pose.uasset" 1524
"C:/Users/Amir sanni/Documents/Unreal Projects/Roomba/Content/Characters/Mannequins/Rigs/Poses/Manny/Manny_calf_l_pose.uexp" 1525
"C:/Users/Amir sanni/Documents/Unreal Projects/Roomba/Content/Characters/Mannequins/Rigs/Poses/Manny/Manny_hand_l_anim.uasset" 1526
"C:/Users/Amir sanni/Documents/Unreal Projects/Roomba/Content/Characters/Mannequins/Rigs/Poses/Manny/Manny_hand_l_anim.uexp" 1527
"C:/Users/Amir sanni/Documents/Unreal Projects/Roomba/Content/Characters/Mannequins/Rigs/Poses/Manny/Manny_hand_l_pose.uasset" 1528
"C:/Users/Amir sanni/Documents/Unreal Projects/Roomba/Content/Characters/Mannequins/Rigs/Poses/Manny/Manny_hand_l_pose.uexp" 1529
"C:/Users/Amir sanni/Documents/Unreal Projects/Roomba/Content/Characters/Mannequins/Rigs/Poses/Manny/Manny_upperarm_r_anim.uasset" 1530
"C:/Users/Amir sanni/Documents/Unreal Projects/Roomba/Content/Characters/Mannequins/Rigs/Poses/Manny/Manny_upperarm_r_anim.uexp" 1531
"C:/Users/Amir sanni/Documents/Unreal Projects/Roomba/Content/Characters/Mannequins/Rigs/Poses/Manny/Manny_upperarm_r_pose.uasset" 1532
"C:/Users/Amir sanni/Documents/Unreal Projects/Roomba/Content/Characters/Mannequins/Rigs/Poses/Manny/Manny_upperarm_r_pose.uexp" 1533
"C:/Users/Amir sanni/Documents/Unreal Projects/Roomba/Content/Characters/Mannequins/Rigs/Poses/Manny/Manny_lowerarm_r_anim.uasset" 1534
"C:/Users/Amir sanni/Documents/Unreal Projects/Roomba/Content/Characters/Mannequins/Rigs/Poses/Manny/Manny_lowerarm_r_anim.uexp" 1535
"C:/Users/Amir sanni/Documents/Unreal Projects/Roomba/Content/Characters/Mannequins/Rigs/Poses/Manny/Manny_lowerarm_r_pose.uasset" 1536
"C:/Users/Amir sanni/Documents/Unreal Projects/Roomba/Content/Characters/Mannequins/Rigs/Poses/Manny/Manny_lowerarm_r_pose.uexp" 1537
"C:/Users/Amir sanni/Documents/Unreal Projects/Roomba/Content/Characters/Mannequins/Rigs/Poses/Manny/Manny_calf_r_anim.uasset" 1538
"C:/Users/Amir sanni/Documents/Unreal Projects/Roomba/Content/Characters/Mannequins/Rigs/Poses/Manny/Manny_calf_r_anim.uexp" 1539
"C:/Users/Amir sanni/Documents/Unreal Projects/Roomba/Content/Characters/Mannequins/Rigs/Poses/Manny/Manny_calf_r_pose.uasset" 1540
"C:/Users/Amir sanni/Documents/Unreal Projects/Roomba/Content/Characters/Mannequins/Rigs/Poses/Manny/Manny_calf_r_pose.uexp" 1541
"C:/Users/Amir sanni/Documents/Unreal Projects/Roomba/Content/Characters/Mannequins/Rigs/Poses/Manny/Manny_foot_r_anim.uasset" 1542
"C:/Users/Amir sanni/Documents/Unreal Projects/Roomba/Content/Characters/Mannequins/Rigs/Poses/Manny/Manny_foot_r_anim.uexp" 1543
"C:/Users/Amir sanni/Documents/Unreal Projects/Roomba/Content/Characters/Mannequins/Rigs/Poses/Manny/Manny_foot_r_pose.uasset" 1544
"C:/Users/Amir sanni/Documents/Unreal Projects/Roomba/Content/Characters/Mannequins/Rigs/Poses/Manny/Manny_foot_r_pose.uexp" 1545
"C:/Users/Amir sanni/Documents/Unreal Projects/Roomba/Content/Characters/Mannequins/Rigs/Poses/Manny/Manny_lowerarm_l_anim.uasset" 1546
"C:/Users/Amir sanni/Documents/Unreal Projects/Roomba/Content/Characters/Mannequins/Rigs/Poses/Manny/Manny_lowerarm_l_anim.uexp" 1547
"C:/Users/Amir sanni/Documents/Unreal Projects/Roomba/Content/Characters/Mannequins/Rigs/Poses/Manny/Manny_lowerarm_l_pose.uasset" 1548
"C:/Users/Amir sanni/Documents/Unreal Projects/Roomba/Content/Characters/Mannequins/Rigs/Poses/Manny/Manny_lowerarm_l_pose.uexp" 1549
"C:/Users/Amir sanni/Documents/Unreal Projects/Roomba/Content/Characters/Mannequins/Rigs/Poses/Manny/Manny_clavicle_r_anim.uasset" 1550
"C:/Users/Amir sanni/Documents/Unreal Projects/Roomba/Content/Characters/Mannequins/Rigs/Poses/Manny/Manny_clavicle_r_anim.uexp" 1551
"C:/Users/Amir sanni/Documents/Unreal Projects/Roomba/Content/Characters/Mannequins/Rigs/Poses/Manny/Manny_clavicle_r_pose.uasset" 1552
"C:/Users/Amir sanni/Documents/Unreal Projects/Roomba/Content/Characters/Mannequins/Rigs/Poses/Manny/Manny_clavicle_r_pose.uexp" 1553
"C:/Users/Amir sanni/Documents/Unreal Projects/Roomba/Content/Characters/Mannequins/Rigs/Poses/Manny/Manny_thigh_l_anim.uasset" 1554
"C:/Users/Amir sanni/Documents/Unreal Projects/Roomba/Content/Characters/Mannequins/Rigs/Poses/Manny/Manny_thigh_l_anim.uexp" 1555
"C:/Users/Amir sanni/Documents/Unreal Projects/Roomba/Content/Characters/Mannequins/Rigs/Poses/Manny/Manny_thigh_l_pose.uasset" 1556
"C:/Users/Amir sanni/Documents/Unreal Projects/Roomba/Content/Characters/Mannequins/Rigs/Poses/Manny/Manny_thigh_l_pose.uexp" 1557
"C:/Users/Amir sanni/Documents/Unreal Projects/Roomba/Content/Characters/Mannequins/Rigs/Poses/Manny/Manny_upperarm_l_anim.uasset" 1558
"C:/Users/Amir sanni/Documents/Unreal Projects/Roomba/Content/Characters/Mannequins/Rigs/Poses/Manny/Manny_upperarm_l_anim.uexp" 1559
"C:/Users/Amir sanni/Documents/Unreal Projects/Roomba/Content/Characters/Mannequins/Rigs/Poses/Manny/Manny_upperarm_l_pose.uasset" 1560
"C:/Users/Amir sanni/Documents/Unreal Projects/Roomba/Content/Characters/Mannequins/Rigs/Poses/Manny/Manny_upperarm_l_pose.uexp" 1561
"C:/Users/Amir sanni/Documents/Unreal Projects/Roomba/Content/Characters/Mannequins/Rigs/ABP_Manny_PostProcess.uasset" 1562
"C:/Users/Amir sanni/Documents/Unreal Projects/Roomba/Content/Characters/Mannequins/Rigs/ABP_Manny_PostProcess.uexp" 1563
"C:/Users/Amir sanni/Documents/Unreal Projects/Roomba/Content/Characters/Mannequins/Meshes/SKM_Manny.uasset" 1564
"C:/Users/Amir sanni/Documents/Unreal Projects/Roomba/Content/Characters/Mannequins/Meshes/SKM_Manny.uexp" 1565
"C:/Users/Amir sanni/Documents/Unreal Projects/Roomba/Content/Characters/Mannequins/Meshes/Mannequin_LODSettings.uasset" 1566
"C:/Users/Amir sanni/Documents/Unreal Projects/Roomba/Content/Characters/Mannequins/Meshes/Mannequin_LODSettings.uexp" 1567
"C:/Users/Amir sanni/Documents/Unreal Projects/Roomba/Content/LevelPrototyping/Meshes/SM_Ramp.ubulk" 1568
"C:/Users/Amir sanni/Documents/Unreal Projects/Roomba/Content/LevelPrototyping/Meshes/SM_Ramp.uasset" 1569
"C:/Users/Amir sanni/Documents/Unreal Projects/Roomba/Content/LevelPrototyping/Meshes/SM_Ramp.uexp" 1570
"C:/Users/Amir sanni/Documents/Unreal Projects/Roomba/Content/ThirdPerson/Blueprints/WorldMechanics/RampOnTable_BP/Ramp.uasset" 1571
"C:/Users/Amir sanni/Documents/Unreal Projects/Roomba/Content/ThirdPerson/Blueprints/WorldMechanics/RampOnTable_BP/Ramp.uexp" 1572
"C:/Users/Amir sanni/Documents/Unreal Projects/Roomba/Content/ThirdPerson/Blueprints/WorldMechanics/RampOnTable_BP/NewLevelSequence.uasset" 1573
"C:/Users/Amir sanni/Documents/Unreal Projects/Roomba/Content/ThirdPerson/Blueprints/WorldMechanics/RampOnTable_BP/NewLevelSequence.uexp" 1574
"C:/Users/Amir sanni/Documents/Unreal Projects/Roomba/Content/Characters/Mannequins/Animations/Manny/MM_T_Pose.uasset" 1575
"C:/Users/Amir sanni/Documents/Unreal Projects/Roomba/Content/Characters/Mannequins/Animations/Manny/MM_T_Pose.uexp" 1576
"C:/Users/Amir sanni/Documents/Unreal Projects/Roomba/Content/LevelPrototyping/Meshes/SM_QuarterCylinder.ubulk" 1577
"C:/Users/Amir sanni/Documents/Unreal Projects/Roomba/Content/LevelPrototyping/Meshes/SM_QuarterCylinder.uasset" 1578
"C:/Users/Amir sanni/Documents/Unreal Projects/Roomba/Content/LevelPrototyping/Meshes/SM_QuarterCylinder.uexp" 1579
"C:/Users/Amir sanni/Documents/Unreal Projects/Roomba/Content/LevelPrototyping/Materials/MI_PrototypeGrid_TopDark.uasset" 1580
"C:/Users/Amir sanni/Documents/Unreal Projects/Roomba/Content/LevelPrototyping/Materials/MI_PrototypeGrid_TopDark.uexp" 1581
"C:/Users/Amir sanni/Documents/Unreal Projects/Roomba/Content/LevelPrototyping/Materials/M_Solid.uasset" 1582
"C:/Users/Amir sanni/Documents/Unreal Projects/Roomba/Content/LevelPrototyping/Materials/M_Solid.uexp" 1583
"C:/Users/Amir sanni/Documents/Unreal Projects/Roomba/Content/LevelPrototyping/Materials/MI_Solid_Blue.uasset" 1584
"C:/Users/Amir sanni/Documents/Unreal Projects/Roomba/Content/LevelPrototyping/Materials/MI_Solid_Blue.uexp" 1585
"C:/Users/Amir sanni/Documents/Unreal Projects/Roomba/Content/LevelPrototyping/Meshes/SM_ChamferCube.ubulk" 1586
"C:/Users/Amir sanni/Documents/Unreal Projects/Roomba/Content/LevelPrototyping/Meshes/SM_ChamferCube.uasset" 1587
"C:/Users/Amir sanni/Documents/Unreal Projects/Roomba/Content/LevelPrototyping/Meshes/SM_ChamferCube.uexp" 1588
"C:/Users/Amir sanni/Documents/Unreal Projects/Roomba/Content/LevelPrototyping/Meshes/SM_Cube.ubulk" 1589
"C:/Users/Amir sanni/Documents/Unreal Projects/Roomba/Content/LevelPrototyping/Meshes/SM_Cube.uasset" 1590
"C:/Users/Amir sanni/Documents/Unreal Projects/Roomba/Content/LevelPrototyping/Meshes/SM_Cube.uexp" 1591
"../../../Engine/Content/EditorResources/BadBlueprintSprite.ubulk" 1592
"../../../Engine/Content/EditorResources/BadBlueprintSprite.uasset" 1593
"../../../Engine/Content/EditorResources/BadBlueprintSprite.uexp" 1594
"../../../Engine/Content/EngineSky/T_Sky_Stars.ubulk" 1595
"../../../Engine/Content/EngineSky/T_Sky_Stars.uasset" 1596
"../../../Engine/Content/EngineSky/T_Sky_Stars.uexp" 1597
"../../../Engine/Content/EngineSky/T_Sky_Clouds_M.ubulk" 1598
"../../../Engine/Content/EngineSky/T_Sky_Clouds_M.uasset" 1599
"../../../Engine/Content/EngineSky/T_Sky_Clouds_M.uexp" 1600
"../../../Engine/Content/EngineSky/T_Sky_Blue.ubulk" 1601
"../../../Engine/Content/EngineSky/T_Sky_Blue.uasset" 1602
"../../../Engine/Content/EngineSky/T_Sky_Blue.uexp" 1603
"../../../Engine/Content/EngineSky/M_Sky_Panning_Clouds2.uasset" 1604
"../../../Engine/Content/EngineSky/M_Sky_Panning_Clouds2.uexp" 1605
"../../../Engine/Content/EngineSky/SM_SkySphere.ubulk" 1606
"../../../Engine/Content/EngineSky/SM_SkySphere.uasset" 1607
"../../../Engine/Content/EngineSky/SM_SkySphere.uexp" 1608
"../../../Engine/Content/EngineSky/M_SimpleSkyDome.uasset" 1609
"../../../Engine/Content/EngineSky/M_SimpleSkyDome.uexp" 1610
"../../../Engine/Content/Functions/Engine_MaterialFunctions01/ImageAdjustment/BlurSampleOffsets.uasset" 1611
"../../../Engine/Content/Functions/Engine_MaterialFunctions01/ImageAdjustment/BlurSampleOffsets.uexp" 1612
"../../../Engine/Content/Functions/Engine_MaterialFunctions02/SampleSceneDepth.uasset" 1613
"../../../Engine/Content/Functions/Engine_MaterialFunctions02/SampleSceneDepth.uexp" 1614
"C:/Users/Amir sanni/Documents/Unreal Projects/Roomba/Content/ThirdPerson/Shader/OutLineShader.uasset" 1615
"C:/Users/Amir sanni/Documents/Unreal Projects/Roomba/Content/ThirdPerson/Shader/OutLineShader.uexp" 1616
"C:/Users/Amir sanni/Documents/Unreal Projects/Roomba/Content/ThirdPerson/Shader/CellShading.uasset" 1617
"C:/Users/Amir sanni/Documents/Unreal Projects/Roomba/Content/ThirdPerson/Shader/CellShading.uexp" 1618
"C:/Users/Amir sanni/Documents/Unreal Projects/Roomba/Content/ThirdPerson/Blueprints/CameraSwitcher_BP/BP_CameraSwitcher.uasset" 1619
"C:/Users/Amir sanni/Documents/Unreal Projects/Roomba/Content/ThirdPerson/Blueprints/CameraSwitcher_BP/BP_CameraSwitcher.uexp" 1620
"C:/Users/Amir sanni/Documents/Unreal Projects/Roomba/Content/ThirdPerson/Blueprints/LevelSwitcher_BP/BP_LevelSwitcher.uasset" 1621
"C:/Users/Amir sanni/Documents/Unreal Projects/Roomba/Content/ThirdPerson/Blueprints/LevelSwitcher_BP/BP_LevelSwitcher.uexp" 1622
"C:/Users/Amir sanni/Documents/Unreal Projects/Roomba/Content/ThirdPerson/Blueprints/SunLight_Controller_BP/BP_SunLight_Controller.uasset" 1623
"C:/Users/Amir sanni/Documents/Unreal Projects/Roomba/Content/ThirdPerson/Blueprints/SunLight_Controller_BP/BP_SunLight_Controller.uexp" 1624
"C:/Users/Amir sanni/Documents/Unreal Projects/Roomba/Content/ThirdPerson/Blueprints/SunLight_Controller_BP/BP_SunTrigger.uasset" 1625
"C:/Users/Amir sanni/Documents/Unreal Projects/Roomba/Content/ThirdPerson/Blueprints/SunLight_Controller_BP/BP_SunTrigger.uexp" 1626
"C:/Users/Amir sanni/Documents/Unreal Projects/Roomba/Content/StarterContent/Textures/T_Frame_M.ubulk" 1627
"C:/Users/Amir sanni/Documents/Unreal Projects/Roomba/Content/StarterContent/Textures/T_Frame_M.uasset" 1628
"C:/Users/Amir sanni/Documents/Unreal Projects/Roomba/Content/StarterContent/Textures/T_Frame_M.uexp" 1629
"C:/Users/Amir sanni/Documents/Unreal Projects/Roomba/Content/StarterContent/Textures/T_Frame_N.ubulk" 1630
"C:/Users/Amir sanni/Documents/Unreal Projects/Roomba/Content/StarterContent/Textures/T_Frame_N.uasset" 1631
"C:/Users/Amir sanni/Documents/Unreal Projects/Roomba/Content/StarterContent/Textures/T_Frame_N.uexp" 1632
"C:/Users/Amir sanni/Documents/Unreal Projects/Roomba/Content/StarterContent/Props/Materials/M_Frame.uasset" 1633
"C:/Users/Amir sanni/Documents/Unreal Projects/Roomba/Content/StarterContent/Props/Materials/M_Frame.uexp" 1634
"C:/Users/Amir sanni/Documents/Unreal Projects/Roomba/Content/StarterContent/Props/SM_DoorFrame.ubulk" 1635
"C:/Users/Amir sanni/Documents/Unreal Projects/Roomba/Content/StarterContent/Props/SM_DoorFrame.uasset" 1636
"C:/Users/Amir sanni/Documents/Unreal Projects/Roomba/Content/StarterContent/Props/SM_DoorFrame.uexp" 1637
"../../../Engine/Content/BasicShapes/Cone.ubulk" 1638
"../../../Engine/Content/BasicShapes/Cone.uasset" 1639
"../../../Engine/Content/BasicShapes/Cone.uexp" 1640
"C:/Users/Amir sanni/Documents/Unreal Projects/Roomba/Content/DoorPrototyp/LightInteract_BP.uasset" 1641
"C:/Users/Amir sanni/Documents/Unreal Projects/Roomba/Content/DoorPrototyp/LightInteract_BP.uexp" 1642
"C:/Users/Amir sanni/Documents/Unreal Projects/Roomba/Content/Assets/2DImages/ENERGYBOX.uasset" 1643
"C:/Users/Amir sanni/Documents/Unreal Projects/Roomba/Content/Assets/2DImages/ENERGYBOX.uexp" 1644
"C:/Users/Amir sanni/Documents/Unreal Projects/Roomba/Content/DoorPrototyp/ButtonInteract_BP.uasset" 1645
"C:/Users/Amir sanni/Documents/Unreal Projects/Roomba/Content/DoorPrototyp/ButtonInteract_BP.uexp" 1646
"C:/Users/Amir sanni/Documents/Unreal Projects/Roomba/Content/DoorPrototyp/ElevatorInteract_BP.uasset" 1647
"C:/Users/Amir sanni/Documents/Unreal Projects/Roomba/Content/DoorPrototyp/ElevatorInteract_BP.uexp" 1648
"C:/Users/Amir sanni/Documents/Unreal Projects/Roomba/Content/DoorPrototyp/ElevatorPowerBox_BP.uasset" 1649
"C:/Users/Amir sanni/Documents/Unreal Projects/Roomba/Content/DoorPrototyp/ElevatorPowerBox_BP.uexp" 1650
"C:/Users/Amir sanni/Documents/Unreal Projects/Roomba/Content/ThirdPerson/Blueprints/CheckPoint_BP/CheckPoint_BP.uasset" 1651
"C:/Users/Amir sanni/Documents/Unreal Projects/Roomba/Content/ThirdPerson/Blueprints/CheckPoint_BP/CheckPoint_BP.uexp" 1652
"C:/Users/Amir sanni/Documents/Unreal Projects/Roomba/Content/InteractPrototypeBP/PowerBox_BP.uasset" 1653
"C:/Users/Amir sanni/Documents/Unreal Projects/Roomba/Content/InteractPrototypeBP/PowerBox_BP.uexp" 1654
"C:/Users/Amir sanni/Documents/Unreal Projects/Roomba/Content/Menu/BP_MEN.uasset" 1655
"C:/Users/Amir sanni/Documents/Unreal Projects/Roomba/Content/Menu/BP_MEN.uexp" 1656
"C:/Users/Amir sanni/Documents/Unreal Projects/Roomba/Content/Menu/MenuGameMode.uasset" 1657
"C:/Users/Amir sanni/Documents/Unreal Projects/Roomba/Content/Menu/MenuGameMode.uexp" 1658
"C:/Users/Amir sanni/Documents/Unreal Projects/Roomba/Content/Menu/MenuMap.uexp" 1659
"C:/Users/Amir sanni/Documents/Unreal Projects/Roomba/Content/Menu/MenuMap.umap" 1660
"C:/Users/Amir sanni/Documents/Unreal Projects/Roomba/Content/LevelDesign/M_Black.uasset" 1661
"C:/Users/Amir sanni/Documents/Unreal Projects/Roomba/Content/LevelDesign/M_Black.uexp" 1662
"C:/Users/Amir sanni/Documents/Unreal Projects/Roomba/Content/LevelDesign/Section2Warehouse.uexp" 1663
"C:/Users/Amir sanni/Documents/Unreal Projects/Roomba/Content/LevelDesign/Section2Warehouse.umap" 1664
"../../../Engine/Content/BasicShapes/Plane.ubulk" 1665
"../../../Engine/Content/BasicShapes/Plane.uasset" 1666
"../../../Engine/Content/BasicShapes/Plane.uexp" 1667
"C:/Users/Amir sanni/Documents/Unreal Projects/Roomba/Content/LevelDesign/M_Invisible.uasset" 1668
"C:/Users/Amir sanni/Documents/Unreal Projects/Roomba/Content/LevelDesign/M_Invisible.uexp" 1669
"C:/Users/Amir sanni/Documents/Unreal Projects/Roomba/Content/LevelDesign/Section2Rooftop.uexp" 1670
"C:/Users/Amir sanni/Documents/Unreal Projects/Roomba/Content/LevelDesign/Section2Rooftop.umap" 1671
"../../../Engine/Content/EngineMaterials/BlendFunc_DefBlend.uasset" 1672
"../../../Engine/Content/EngineMaterials/BlendFunc_DefBlend.uexp" 1673
"../../../Engine/Content/OpenWorldTemplate/LandscapeMaterial/T_GridChecker_A.ubulk" 1674
"../../../Engine/Content/OpenWorldTemplate/LandscapeMaterial/T_GridChecker_A.uasset" 1675
"../../../Engine/Content/OpenWorldTemplate/LandscapeMaterial/T_GridChecker_A.uexp" 1676
"../../../Engine/Content/EngineMaterials/BlendFunc_DefBase.uasset" 1677
"../../../Engine/Content/EngineMaterials/BlendFunc_DefBase.uexp" 1678
"../../../Engine/Content/Functions/Engine_MaterialFunctions03/Blends/Blend_Overlay.uasset" 1679
"../../../Engine/Content/Functions/Engine_MaterialFunctions03/Blends/Blend_Overlay.uexp" 1680
"../../../Engine/Content/OpenWorldTemplate/LandscapeMaterial/MF_ProcGrid.uasset" 1681
"../../../Engine/Content/OpenWorldTemplate/LandscapeMaterial/MF_ProcGrid.uexp" 1682
"../../../Engine/Content/OpenWorldTemplate/LandscapeMaterial/M_ProcGrid.uasset" 1683
"../../../Engine/Content/OpenWorldTemplate/LandscapeMaterial/M_ProcGrid.uexp" 1684
"../../../Engine/Content/OpenWorldTemplate/LandscapeMaterial/MI_ProcGrid.uasset" 1685
"../../../Engine/Content/OpenWorldTemplate/LandscapeMaterial/MI_ProcGrid.uexp" 1686
"../../../Engine/Content/MapTemplates/SM_Template_Map_Floor.ubulk" 1687
"../../../Engine/Content/MapTemplates/SM_Template_Map_Floor.uasset" 1688
"../../../Engine/Content/MapTemplates/SM_Template_Map_Floor.uexp" 1689
"C:/Users/Amir sanni/Documents/Unreal Projects/Roomba/Content/LevelDesign/Section2ConstructionSite.uexp" 1690
"C:/Users/Amir sanni/Documents/Unreal Projects/Roomba/Content/LevelDesign/Section2ConstructionSite.umap" 1691
"C:/Users/Amir sanni/Documents/Unreal Projects/Roomba/Content/StarterContent/Materials/M_Glass.uasset" 1692
"C:/Users/Amir sanni/Documents/Unreal Projects/Roomba/Content/StarterContent/Materials/M_Glass.uexp" 1693
"C:/Users/Amir sanni/Documents/Unreal Projects/Roomba/Content/StarterContent/Textures/T_Door_N.ubulk" 1694
"C:/Users/Amir sanni/Documents/Unreal Projects/Roomba/Content/StarterContent/Textures/T_Door_N.uasset" 1695
"C:/Users/Amir sanni/Documents/Unreal Projects/Roomba/Content/StarterContent/Textures/T_Door_N.uexp" 1696
"C:/Users/Amir sanni/Documents/Unreal Projects/Roomba/Content/StarterContent/Textures/T_Door_M.ubulk" 1697
"C:/Users/Amir sanni/Documents/Unreal Projects/Roomba/Content/StarterContent/Textures/T_Door_M.uasset" 1698
"C:/Users/Amir sanni/Documents/Unreal Projects/Roomba/Content/StarterContent/Textures/T_Door_M.uexp" 1699
"C:/Users/Amir sanni/Documents/Unreal Projects/Roomba/Content/StarterContent/Props/Materials/M_Door.uasset" 1700
"C:/Users/Amir sanni/Documents/Unreal Projects/Roomba/Content/StarterContent/Props/Materials/M_Door.uexp" 1701
"C:/Users/Amir sanni/Documents/Unreal Projects/Roomba/Content/StarterContent/Props/SM_Door.ubulk" 1702
"C:/Users/Amir sanni/Documents/Unreal Projects/Roomba/Content/StarterContent/Props/SM_Door.uasset" 1703
"C:/Users/Amir sanni/Documents/Unreal Projects/Roomba/Content/StarterContent/Props/SM_Door.uexp" 1704
"C:/Users/Amir sanni/Documents/Unreal Projects/Roomba/Content/LevelDesign/Section1StreetStart.uexp" 1705
"C:/Users/Amir sanni/Documents/Unreal Projects/Roomba/Content/LevelDesign/Section1StreetStart.umap" 1706
"C:/Users/Amir sanni/Documents/Unreal Projects/Roomba/Content/LevelDesign/Section1StreetReverse.uexp" 1707
"C:/Users/Amir sanni/Documents/Unreal Projects/Roomba/Content/LevelDesign/Section1StreetReverse.umap" 1708
"C:/Users/Amir sanni/Documents/Unreal Projects/Roomba/Content/Assets/roomba__1__Roomba.ubulk" 1709
"C:/Users/Amir sanni/Documents/Unreal Projects/Roomba/Content/Assets/roomba__1__Roomba.uasset" 1710
"C:/Users/Amir sanni/Documents/Unreal Projects/Roomba/Content/Assets/roomba__1__Roomba.uexp" 1711
"C:/Users/Amir sanni/Documents/Unreal Projects/Roomba/Content/LevelDesign/Section1StreetEnd.uexp" 1712
"C:/Users/Amir sanni/Documents/Unreal Projects/Roomba/Content/LevelDesign/Section1StreetEnd.umap" 1713
"C:/Users/Amir sanni/Documents/Unreal Projects/Roomba/Content/LevelDesign/Section1Bakery.uexp" 1714
"C:/Users/Amir sanni/Documents/Unreal Projects/Roomba/Content/LevelDesign/Section1Bakery.umap" 1715
"C:/Users/Amir sanni/Documents/Unreal Projects/Roomba/Content/LevelDesign/Section1Apartment.uexp" 1716
"C:/Users/Amir sanni/Documents/Unreal Projects/Roomba/Content/LevelDesign/Section1Apartment.umap" 1717
"C:/Users/Amir sanni/Documents/Unreal Projects/Roomba/Content/StarterContent/Textures/T_Concrete_Tiles_Variation_M.ubulk" 1718
"C:/Users/Amir sanni/Documents/Unreal Projects/Roomba/Content/StarterContent/Textures/T_Concrete_Tiles_Variation_M.uasset" 1719
"C:/Users/Amir sanni/Documents/Unreal Projects/Roomba/Content/StarterContent/Textures/T_Concrete_Tiles_Variation_M.uexp" 1720
"C:/Users/Amir sanni/Documents/Unreal Projects/Roomba/Content/StarterContent/Textures/T_Concrete_Tiles_D.ubulk" 1721
"C:/Users/Amir sanni/Documents/Unreal Projects/Roomba/Content/StarterContent/Textures/T_Concrete_Tiles_D.uasset" 1722
"C:/Users/Amir sanni/Documents/Unreal Projects/Roomba/Content/StarterContent/Textures/T_Concrete_Tiles_D.uexp" 1723
"C:/Users/Amir sanni/Documents/Unreal Projects/Roomba/Content/StarterContent/Textures/T_Concrete_Tiles_M.ubulk" 1724
"C:/Users/Amir sanni/Documents/Unreal Projects/Roomba/Content/StarterContent/Textures/T_Concrete_Tiles_M.uasset" 1725
"C:/Users/Amir sanni/Documents/Unreal Projects/Roomba/Content/StarterContent/Textures/T_Concrete_Tiles_M.uexp" 1726
"C:/Users/Amir sanni/Documents/Unreal Projects/Roomba/Content/StarterContent/Textures/T_Concrete_Tiles_N.ubulk" 1727
"C:/Users/Amir sanni/Documents/Unreal Projects/Roomba/Content/StarterContent/Textures/T_Concrete_Tiles_N.uasset" 1728
"C:/Users/Amir sanni/Documents/Unreal Projects/Roomba/Content/StarterContent/Textures/T_Concrete_Tiles_N.uexp" 1729
"C:/Users/Amir sanni/Documents/Unreal Projects/Roomba/Content/StarterContent/Materials/M_Concrete_Tiles.uasset" 1730
"C:/Users/Amir sanni/Documents/Unreal Projects/Roomba/Content/StarterContent/Materials/M_Concrete_Tiles.uexp" 1731
"C:/Users/Amir sanni/Documents/Unreal Projects/Roomba/Content/StarterContent/Textures/T_Perlin_Noise_M.ubulk" 1732
"C:/Users/Amir sanni/Documents/Unreal Projects/Roomba/Content/StarterContent/Textures/T_Perlin_Noise_M.uasset" 1733
"C:/Users/Amir sanni/Documents/Unreal Projects/Roomba/Content/StarterContent/Textures/T_Perlin_Noise_M.uexp" 1734
"C:/Users/Amir sanni/Documents/Unreal Projects/Roomba/Content/StarterContent/Textures/T_Concrete_Poured_D.ubulk" 1735
"C:/Users/Amir sanni/Documents/Unreal Projects/Roomba/Content/StarterContent/Textures/T_Concrete_Poured_D.uasset" 1736
"C:/Users/Amir sanni/Documents/Unreal Projects/Roomba/Content/StarterContent/Textures/T_Concrete_Poured_D.uexp" 1737
"C:/Users/Amir sanni/Documents/Unreal Projects/Roomba/Content/StarterContent/Textures/T_Concrete_Poured_N.ubulk" 1738
"C:/Users/Amir sanni/Documents/Unreal Projects/Roomba/Content/StarterContent/Textures/T_Concrete_Poured_N.uasset" 1739
"C:/Users/Amir sanni/Documents/Unreal Projects/Roomba/Content/StarterContent/Textures/T_Concrete_Poured_N.uexp" 1740
"C:/Users/Amir sanni/Documents/Unreal Projects/Roomba/Content/StarterContent/Materials/M_Concrete_Poured.uasset" 1741
"C:/Users/Amir sanni/Documents/Unreal Projects/Roomba/Content/StarterContent/Materials/M_Concrete_Poured.uexp" 1742
"C:/Users/Amir sanni/Documents/Unreal Projects/Roomba/Content/StarterContent/Textures/T_Wood_Floor_Walnut_M.ubulk" 1743
"C:/Users/Amir sanni/Documents/Unreal Projects/Roomba/Content/StarterContent/Textures/T_Wood_Floor_Walnut_M.uasset" 1744
"C:/Users/Amir sanni/Documents/Unreal Projects/Roomba/Content/StarterContent/Textures/T_Wood_Floor_Walnut_M.uexp" 1745
"C:/Users/Amir sanni/Documents/Unreal Projects/Roomba/Content/StarterContent/Textures/T_Wood_Floor_Walnut_D.ubulk" 1746
"C:/Users/Amir sanni/Documents/Unreal Projects/Roomba/Content/StarterContent/Textures/T_Wood_Floor_Walnut_D.uasset" 1747
"C:/Users/Amir sanni/Documents/Unreal Projects/Roomba/Content/StarterContent/Textures/T_Wood_Floor_Walnut_D.uexp" 1748
"C:/Users/Amir sanni/Documents/Unreal Projects/Roomba/Content/StarterContent/Textures/T_Wood_Floor_Walnut_N.ubulk" 1749
"C:/Users/Amir sanni/Documents/Unreal Projects/Roomba/Content/StarterContent/Textures/T_Wood_Floor_Walnut_N.uasset" 1750
"C:/Users/Amir sanni/Documents/Unreal Projects/Roomba/Content/StarterContent/Textures/T_Wood_Floor_Walnut_N.uexp" 1751
"C:/Users/Amir sanni/Documents/Unreal Projects/Roomba/Content/StarterContent/Materials/M_Wood_Floor_Walnut_Polished.uasset" 1752
"C:/Users/Amir sanni/Documents/Unreal Projects/Roomba/Content/StarterContent/Materials/M_Wood_Floor_Walnut_Polished.uexp" 1753
"C:/Users/Amir sanni/Documents/Unreal Projects/Roomba/Content/StarterContent/Textures/T_Brick_Clay_New_D.ubulk" 1754
"C:/Users/Amir sanni/Documents/Unreal Projects/Roomba/Content/StarterContent/Textures/T_Brick_Clay_New_D.uasset" 1755
"C:/Users/Amir sanni/Documents/Unreal Projects/Roomba/Content/StarterContent/Textures/T_Brick_Clay_New_D.uexp" 1756
"C:/Users/Amir sanni/Documents/Unreal Projects/Roomba/Content/StarterContent/Textures/T_Brick_Clay_New_M.uasset" 1757
"C:/Users/Amir sanni/Documents/Unreal Projects/Roomba/Content/StarterContent/Textures/T_Brick_Clay_New_M.uexp" 1758
"C:/Users/Amir sanni/Documents/Unreal Projects/Roomba/Content/StarterContent/Textures/T_Brick_Clay_New_N.uasset" 1759
"C:/Users/Amir sanni/Documents/Unreal Projects/Roomba/Content/StarterContent/Textures/T_Brick_Clay_New_N.uexp" 1760
"C:/Users/Amir sanni/Documents/Unreal Projects/Roomba/Content/StarterContent/Materials/M_Brick_Clay_New.uasset" 1761
"C:/Users/Amir sanni/Documents/Unreal Projects/Roomba/Content/StarterContent/Materials/M_Brick_Clay_New.uexp" 1762
"C:/Users/Amir sanni/Documents/Unreal Projects/Roomba/Content/LevelDesign/RandomSideThing.uexp" 1763
"C:/Users/Amir sanni/Documents/Unreal Projects/Roomba/Content/LevelDesign/RandomSideThing.umap" 1764
"../../../Engine/Content/Maps/Entry_BuiltData.uasset" 1765
"../../../Engine/Content/Maps/Entry_BuiltData.uexp" 1766
"../../../Engine/Content/Maps/Entry.uexp" 1767
"../../../Engine/Content/Maps/Entry.umap" 1768
"C:/Users/Amir sanni/Documents/Unreal Projects/Roomba/Content/ThirdPerson/Maps/ThirdPersonMap1.uexp" 1769
"C:/Users/Amir sanni/Documents/Unreal Projects/Roomba/Content/ThirdPerson/Maps/ThirdPersonMap1.umap" 1770
"C:/Users/Amir sanni/Documents/Unreal Projects/Roomba/Content/ThirdPerson/Blueprints/BP_GameMode.uasset" 1771
"C:/Users/Amir sanni/Documents/Unreal Projects/Roomba/Content/ThirdPerson/Blueprints/BP_GameMode.uexp" 1772
"C:/Users/Amir sanni/Documents/Unreal Projects/Roomba/Content/ThirdPerson/Maps/ThirdPersonMap.uexp" 1773
"C:/Users/Amir sanni/Documents/Unreal Projects/Roomba/Content/ThirdPerson/Maps/ThirdPersonMap.umap" 1774
"C:/Users/Amir sanni/Documents/Unreal Projects/Roomba/Content/StarterContent/Materials/M_Metal_Brushed_Nickel.uasset" 1775
"C:/Users/Amir sanni/Documents/Unreal Projects/Roomba/Content/StarterContent/Materials/M_Metal_Brushed_Nickel.uexp" 1776
"C:/Users/Amir sanni/Documents/Unreal Projects/Roomba/Content/StarterContent/Textures/T_Lamp_N.ubulk" 1777
"C:/Users/Amir sanni/Documents/Unreal Projects/Roomba/Content/StarterContent/Textures/T_Lamp_N.uasset" 1778
"C:/Users/Amir sanni/Documents/Unreal Projects/Roomba/Content/StarterContent/Textures/T_Lamp_N.uexp" 1779
"C:/Users/Amir sanni/Documents/Unreal Projects/Roomba/Content/StarterContent/Textures/T_Lamp_M.ubulk" 1780
"C:/Users/Amir sanni/Documents/Unreal Projects/Roomba/Content/StarterContent/Textures/T_Lamp_M.uasset" 1781
"C:/Users/Amir sanni/Documents/Unreal Projects/Roomba/Content/StarterContent/Textures/T_Lamp_M.uexp" 1782
"C:/Users/Amir sanni/Documents/Unreal Projects/Roomba/Content/StarterContent/Props/Materials/M_Lamp.uasset" 1783
"C:/Users/Amir sanni/Documents/Unreal Projects/Roomba/Content/StarterContent/Props/Materials/M_Lamp.uexp" 1784
"C:/Users/Amir sanni/Documents/Unreal Projects/Roomba/Content/StarterContent/Props/SM_Lamp_Ceiling.ubulk" 1785
"C:/Users/Amir sanni/Documents/Unreal Projects/Roomba/Content/StarterContent/Props/SM_Lamp_Ceiling.uasset" 1786
"C:/Users/Amir sanni/Documents/Unreal Projects/Roomba/Content/StarterContent/Props/SM_Lamp_Ceiling.uexp" 1787
"C:/Users/Amir sanni/Documents/Unreal Projects/Roomba/Content/StarterContent/Blueprints/Blueprint_CeilingLight.uasset" 1788
"C:/Users/Amir sanni/Documents/Unreal Projects/Roomba/Content/StarterContent/Blueprints/Blueprint_CeilingLight.uexp" 1789
"../../../Engine/Content/Functions/Engine_MaterialFunctions03/Procedurals/ComputeFilterWidth.uasset" 1790
"../../../Engine/Content/Functions/Engine_MaterialFunctions03/Procedurals/ComputeFilterWidth.uexp" 1791
"../../../Engine/Content/EngineMaterials/AntiAliasedTextMaterialTranslucent.uasset" 1792
"../../../Engine/Content/EngineMaterials/AntiAliasedTextMaterialTranslucent.uexp" 1793
"C:/Users/Amir sanni/Documents/Unreal Projects/Roomba/Content/StarterContent/Architecture/Wall_Door_400x300.ubulk" 1794
"C:/Users/Amir sanni/Documents/Unreal Projects/Roomba/Content/StarterContent/Architecture/Wall_Door_400x300.uasset" 1795
"C:/Users/Amir sanni/Documents/Unreal Projects/Roomba/Content/StarterContent/Architecture/Wall_Door_400x300.uexp" 1796
"C:/Users/Amir sanni/Documents/Unreal Projects/Roomba/Content/StarterContent/Textures/T_Wood_Pine_D.ubulk" 1797
"C:/Users/Amir sanni/Documents/Unreal Projects/Roomba/Content/StarterContent/Textures/T_Wood_Pine_D.uasset" 1798
"C:/Users/Amir sanni/Documents/Unreal Projects/Roomba/Content/StarterContent/Textures/T_Wood_Pine_D.uexp" 1799
"C:/Users/Amir sanni/Documents/Unreal Projects/Roomba/Content/StarterContent/Textures/T_Wood_Pine_N.ubulk" 1800
"C:/Users/Amir sanni/Documents/Unreal Projects/Roomba/Content/StarterContent/Textures/T_Wood_Pine_N.uasset" 1801
"C:/Users/Amir sanni/Documents/Unreal Projects/Roomba/Content/StarterContent/Textures/T_Wood_Pine_N.uexp" 1802
"C:/Users/Amir sanni/Documents/Unreal Projects/Roomba/Content/StarterContent/Materials/M_Wood_Pine.uasset" 1803
"C:/Users/Amir sanni/Documents/Unreal Projects/Roomba/Content/StarterContent/Materials/M_Wood_Pine.uexp" 1804
"C:/Users/Amir sanni/Documents/Unreal Projects/Roomba/Content/StarterContent/Textures/T_Rock_Smooth_Granite_D.ubulk" 1805
"C:/Users/Amir sanni/Documents/Unreal Projects/Roomba/Content/StarterContent/Textures/T_Rock_Smooth_Granite_D.uasset" 1806
"C:/Users/Amir sanni/Documents/Unreal Projects/Roomba/Content/StarterContent/Textures/T_Rock_Smooth_Granite_D.uexp" 1807
"C:/Users/Amir sanni/Documents/Unreal Projects/Roomba/Content/StarterContent/Textures/T_CobbleStone_Smooth_D.ubulk" 1808
"C:/Users/Amir sanni/Documents/Unreal Projects/Roomba/Content/StarterContent/Textures/T_CobbleStone_Smooth_D.uasset" 1809
"C:/Users/Amir sanni/Documents/Unreal Projects/Roomba/Content/StarterContent/Textures/T_CobbleStone_Smooth_D.uexp" 1810
"C:/Users/Amir sanni/Documents/Unreal Projects/Roomba/Content/StarterContent/Textures/T_Gradinet_01.ubulk" 1811
"C:/Users/Amir sanni/Documents/Unreal Projects/Roomba/Content/StarterContent/Textures/T_Gradinet_01.uasset" 1812
"C:/Users/Amir sanni/Documents/Unreal Projects/Roomba/Content/StarterContent/Textures/T_Gradinet_01.uexp" 1813
"C:/Users/Amir sanni/Documents/Unreal Projects/Roomba/Content/StarterContent/Textures/T_CobbleStone_Smooth_M.ubulk" 1814
"C:/Users/Amir sanni/Documents/Unreal Projects/Roomba/Content/StarterContent/Textures/T_CobbleStone_Smooth_M.uasset" 1815
"C:/Users/Amir sanni/Documents/Unreal Projects/Roomba/Content/StarterContent/Textures/T_CobbleStone_Smooth_M.uexp" 1816
"C:/Users/Amir sanni/Documents/Unreal Projects/Roomba/Content/StarterContent/Textures/T_CobbleStone_Smooth_N.ubulk" 1817
"C:/Users/Amir sanni/Documents/Unreal Projects/Roomba/Content/StarterContent/Textures/T_CobbleStone_Smooth_N.uasset" 1818
"C:/Users/Amir sanni/Documents/Unreal Projects/Roomba/Content/StarterContent/Textures/T_CobbleStone_Smooth_N.uexp" 1819
"C:/Users/Amir sanni/Documents/Unreal Projects/Roomba/Content/StarterContent/Materials/M_CobbleStone_Smooth.uasset" 1820
"C:/Users/Amir sanni/Documents/Unreal Projects/Roomba/Content/StarterContent/Materials/M_CobbleStone_Smooth.uexp" 1821
"C:/Users/Amir sanni/Documents/Unreal Projects/Roomba/Content/StarterContent/Textures/T_Rock_Basalt_N.ubulk" 1822
"C:/Users/Amir sanni/Documents/Unreal Projects/Roomba/Content/StarterContent/Textures/T_Rock_Basalt_N.uasset" 1823
"C:/Users/Amir sanni/Documents/Unreal Projects/Roomba/Content/StarterContent/Textures/T_Rock_Basalt_N.uexp" 1824
"C:/Users/Amir sanni/Documents/Unreal Projects/Roomba/Content/StarterContent/Materials/M_Rock_Basalt.uasset" 1825
"C:/Users/Amir sanni/Documents/Unreal Projects/Roomba/Content/StarterContent/Materials/M_Rock_Basalt.uexp" 1826
"C:/Users/Amir sanni/Documents/Unreal Projects/Roomba/Content/StarterContent/Shapes/Shape_Cube.ubulk" 1827
"C:/Users/Amir sanni/Documents/Unreal Projects/Roomba/Content/StarterContent/Shapes/Shape_Cube.uasset" 1828
"C:/Users/Amir sanni/Documents/Unreal Projects/Roomba/Content/StarterContent/Shapes/Shape_Cube.uexp" 1829
"C:/Users/Amir sanni/Documents/Unreal Projects/Roomba/Content/StarterContent/Props/MaterialSphere.ubulk" 1830
"C:/Users/Amir sanni/Documents/Unreal Projects/Roomba/Content/StarterContent/Props/MaterialSphere.uasset" 1831
"C:/Users/Amir sanni/Documents/Unreal Projects/Roomba/Content/StarterContent/Props/MaterialSphere.uexp" 1832
"C:/Users/Amir sanni/Documents/Unreal Projects/Roomba/Content/StarterContent/Textures/T_Metal_Rust_N.ubulk" 1833
"C:/Users/Amir sanni/Documents/Unreal Projects/Roomba/Content/StarterContent/Textures/T_Metal_Rust_N.uasset" 1834
"C:/Users/Amir sanni/Documents/Unreal Projects/Roomba/Content/StarterContent/Textures/T_Metal_Rust_N.uexp" 1835
"C:/Users/Amir sanni/Documents/Unreal Projects/Roomba/Content/StarterContent/Textures/T_Metal_Rust_D.ubulk" 1836
"C:/Users/Amir sanni/Documents/Unreal Projects/Roomba/Content/StarterContent/Textures/T_Metal_Rust_D.uasset" 1837
"C:/Users/Amir sanni/Documents/Unreal Projects/Roomba/Content/StarterContent/Textures/T_Metal_Rust_D.uexp" 1838
"C:/Users/Amir sanni/Documents/Unreal Projects/Roomba/Content/StarterContent/Materials/M_Metal_Rust.uasset" 1839
"C:/Users/Amir sanni/Documents/Unreal Projects/Roomba/Content/StarterContent/Materials/M_Metal_Rust.uexp" 1840
"C:/Users/Amir sanni/Documents/Unreal Projects/Roomba/Content/StarterContent/Textures/T_Rock_Slate_D.ubulk" 1841
"C:/Users/Amir sanni/Documents/Unreal Projects/Roomba/Content/StarterContent/Textures/T_Rock_Slate_D.uasset" 1842
"C:/Users/Amir sanni/Documents/Unreal Projects/Roomba/Content/StarterContent/Textures/T_Rock_Slate_D.uexp" 1843
"C:/Users/Amir sanni/Documents/Unreal Projects/Roomba/Content/StarterContent/Textures/T_Rock_Slate_N.ubulk" 1844
"C:/Users/Amir sanni/Documents/Unreal Projects/Roomba/Content/StarterContent/Textures/T_Rock_Slate_N.uasset" 1845
"C:/Users/Amir sanni/Documents/Unreal Projects/Roomba/Content/StarterContent/Textures/T_Rock_Slate_N.uexp" 1846
"C:/Users/Amir sanni/Documents/Unreal Projects/Roomba/Content/StarterContent/Materials/M_Rock_Slate.uasset" 1847
"C:/Users/Amir sanni/Documents/Unreal Projects/Roomba/Content/StarterContent/Materials/M_Rock_Slate.uexp" 1848
"C:/Users/Amir sanni/Documents/Unreal Projects/Roomba/Content/StarterContent/Textures/T_Brick_Clay_Beveled_M.ubulk" 1849
"C:/Users/Amir sanni/Documents/Unreal Projects/Roomba/Content/StarterContent/Textures/T_Brick_Clay_Beveled_M.uasset" 1850
"C:/Users/Amir sanni/Documents/Unreal Projects/Roomba/Content/StarterContent/Textures/T_Brick_Clay_Beveled_M.uexp" 1851
"C:/Users/Amir sanni/Documents/Unreal Projects/Roomba/Content/StarterContent/Textures/T_Brick_Clay_Beveled_N.ubulk" 1852
"C:/Users/Amir sanni/Documents/Unreal Projects/Roomba/Content/StarterContent/Textures/T_Brick_Clay_Beveled_N.uasset" 1853
"C:/Users/Amir sanni/Documents/Unreal Projects/Roomba/Content/StarterContent/Textures/T_Brick_Clay_Beveled_N.uexp" 1854
"C:/Users/Amir sanni/Documents/Unreal Projects/Roomba/Content/StarterContent/Textures/T_Brick_Clay_Beveled_D.ubulk" 1855
"C:/Users/Amir sanni/Documents/Unreal Projects/Roomba/Content/StarterContent/Textures/T_Brick_Clay_Beveled_D.uasset" 1856
"C:/Users/Amir sanni/Documents/Unreal Projects/Roomba/Content/StarterContent/Textures/T_Brick_Clay_Beveled_D.uexp" 1857
"C:/Users/Amir sanni/Documents/Unreal Projects/Roomba/Content/StarterContent/Materials/M_Brick_Clay_Beveled.uasset" 1858
"C:/Users/Amir sanni/Documents/Unreal Projects/Roomba/Content/StarterContent/Materials/M_Brick_Clay_Beveled.uexp" 1859
"C:/Users/Amir sanni/Documents/Unreal Projects/Roomba/Content/StarterContent/Textures/T_Tech_Hex_Tile_M.ubulk" 1860
"C:/Users/Amir sanni/Documents/Unreal Projects/Roomba/Content/StarterContent/Textures/T_Tech_Hex_Tile_M.uasset" 1861
"C:/Users/Amir sanni/Documents/Unreal Projects/Roomba/Content/StarterContent/Textures/T_Tech_Hex_Tile_M.uexp" 1862
"C:/Users/Amir sanni/Documents/Unreal Projects/Roomba/Content/StarterContent/Textures/T_Tech_Hex_Tile_N.ubulk" 1863
"C:/Users/Amir sanni/Documents/Unreal Projects/Roomba/Content/StarterContent/Textures/T_Tech_Hex_Tile_N.uasset" 1864
"C:/Users/Amir sanni/Documents/Unreal Projects/Roomba/Content/StarterContent/Textures/T_Tech_Hex_Tile_N.uexp" 1865
"C:/Users/Amir sanni/Documents/Unreal Projects/Roomba/Content/StarterContent/Materials/M_Tech_Hex_Tile.uasset" 1866
"C:/Users/Amir sanni/Documents/Unreal Projects/Roomba/Content/StarterContent/Materials/M_Tech_Hex_Tile.uexp" 1867
"../../../Engine/Content/Functions/Engine_MaterialFunctions01/Opacity/AlphaOffset.uasset" 1868
"../../../Engine/Content/Functions/Engine_MaterialFunctions01/Opacity/AlphaOffset.uexp" 1869
"C:/Users/Amir sanni/Documents/Unreal Projects/Roomba/Content/StarterContent/Materials/M_Wood_Floor_Walnut_Worn.uasset" 1870
"C:/Users/Amir sanni/Documents/Unreal Projects/Roomba/Content/StarterContent/Materials/M_Wood_Floor_Walnut_Worn.uexp" 1871
"C:/Users/Amir sanni/Documents/Unreal Projects/Roomba/Content/StarterContent/Textures/T_Ground_Gravel_N.ubulk" 1872
"C:/Users/Amir sanni/Documents/Unreal Projects/Roomba/Content/StarterContent/Textures/T_Ground_Gravel_N.uasset" 1873
"C:/Users/Amir sanni/Documents/Unreal Projects/Roomba/Content/StarterContent/Textures/T_Ground_Gravel_N.uexp" 1874
"C:/Users/Amir sanni/Documents/Unreal Projects/Roomba/Content/StarterContent/Textures/T_Ground_Gravel_D.ubulk" 1875
"C:/Users/Amir sanni/Documents/Unreal Projects/Roomba/Content/StarterContent/Textures/T_Ground_Gravel_D.uasset" 1876
"C:/Users/Amir sanni/Documents/Unreal Projects/Roomba/Content/StarterContent/Textures/T_Ground_Gravel_D.uexp" 1877
"C:/Users/Amir sanni/Documents/Unreal Projects/Roomba/Content/StarterContent/Materials/M_Ground_Gravel.uasset" 1878
"C:/Users/Amir sanni/Documents/Unreal Projects/Roomba/Content/StarterContent/Materials/M_Ground_Gravel.uexp" 1879
"C:/Users/Amir sanni/Documents/Unreal Projects/Roomba/Content/StarterContent/Audio/Steam01_Cue.uasset" 1880
"C:/Users/Amir sanni/Documents/Unreal Projects/Roomba/Content/StarterContent/Audio/Steam01_Cue.uexp" 1881
"C:/Users/Amir sanni/Documents/Unreal Projects/Roomba/Content/StarterContent/Particles/P_Steam_Lit.uasset" 1882
"C:/Users/Amir sanni/Documents/Unreal Projects/Roomba/Content/StarterContent/Particles/P_Steam_Lit.uexp" 1883
"C:/Users/Amir sanni/Documents/Unreal Projects/Roomba/Content/StarterContent/Blueprints/Blueprint_Effect_Steam.uasset" 1884
"C:/Users/Amir sanni/Documents/Unreal Projects/Roomba/Content/StarterContent/Blueprints/Blueprint_Effect_Steam.uexp" 1885
"C:/Users/Amir sanni/Documents/Unreal Projects/Roomba/Content/StarterContent/Audio/Fire_Sparks01_Cue.uasset" 1886
"C:/Users/Amir sanni/Documents/Unreal Projects/Roomba/Content/StarterContent/Audio/Fire_Sparks01_Cue.uexp" 1887
"C:/Users/Amir sanni/Documents/Unreal Projects/Roomba/Content/StarterContent/Textures/T_Spark_Core.ubulk" 1888
"C:/Users/Amir sanni/Documents/Unreal Projects/Roomba/Content/StarterContent/Textures/T_Spark_Core.uasset" 1889
"C:/Users/Amir sanni/Documents/Unreal Projects/Roomba/Content/StarterContent/Textures/T_Spark_Core.uexp" 1890
"C:/Users/Amir sanni/Documents/Unreal Projects/Roomba/Content/StarterContent/Particles/Materials/M_Spark.uasset" 1891
"C:/Users/Amir sanni/Documents/Unreal Projects/Roomba/Content/StarterContent/Particles/Materials/M_Spark.uexp" 1892
"C:/Users/Amir sanni/Documents/Unreal Projects/Roomba/Content/StarterContent/Particles/Materials/M_Radial_Gradient.uasset" 1893
"C:/Users/Amir sanni/Documents/Unreal Projects/Roomba/Content/StarterContent/Particles/Materials/M_Radial_Gradient.uexp" 1894
"C:/Users/Amir sanni/Documents/Unreal Projects/Roomba/Content/StarterContent/Particles/P_Sparks.uasset" 1895
"C:/Users/Amir sanni/Documents/Unreal Projects/Roomba/Content/StarterContent/Particles/P_Sparks.uexp" 1896
"C:/Users/Amir sanni/Documents/Unreal Projects/Roomba/Content/StarterContent/Blueprints/Blueprint_Effect_Sparks.uasset" 1897
"C:/Users/Amir sanni/Documents/Unreal Projects/Roomba/Content/StarterContent/Blueprints/Blueprint_Effect_Sparks.uexp" 1898
"C:/Users/Amir sanni/Documents/Unreal Projects/Roomba/Content/StarterContent/Textures/T_Water_N.ubulk" 1899
"C:/Users/Amir sanni/Documents/Unreal Projects/Roomba/Content/StarterContent/Textures/T_Water_N.uasset" 1900
"C:/Users/Amir sanni/Documents/Unreal Projects/Roomba/Content/StarterContent/Textures/T_Water_N.uexp" 1901
"C:/Users/Amir sanni/Documents/Unreal Projects/Roomba/Content/StarterContent/Materials/M_Water_Lake.uasset" 1902
"C:/Users/Amir sanni/Documents/Unreal Projects/Roomba/Content/StarterContent/Materials/M_Water_Lake.uexp" 1903
"C:/Users/Amir sanni/Documents/Unreal Projects/Roomba/Content/StarterContent/Architecture/Wall_400x200.ubulk" 1904
"C:/Users/Amir sanni/Documents/Unreal Projects/Roomba/Content/StarterContent/Architecture/Wall_400x200.uasset" 1905
"C:/Users/Amir sanni/Documents/Unreal Projects/Roomba/Content/StarterContent/Architecture/Wall_400x200.uexp" 1906
"C:/Users/Amir sanni/Documents/Unreal Projects/Roomba/Content/StarterContent/Textures/T_Checker_Noise_M.ubulk" 1907
"C:/Users/Amir sanni/Documents/Unreal Projects/Roomba/Content/StarterContent/Textures/T_Checker_Noise_M.uasset" 1908
"C:/Users/Amir sanni/Documents/Unreal Projects/Roomba/Content/StarterContent/Textures/T_Checker_Noise_M.uexp" 1909
"C:/Users/Amir sanni/Documents/Unreal Projects/Roomba/Content/StarterContent/Textures/T_Tech_Dot_M.ubulk" 1910
"C:/Users/Amir sanni/Documents/Unreal Projects/Roomba/Content/StarterContent/Textures/T_Tech_Dot_M.uasset" 1911
"C:/Users/Amir sanni/Documents/Unreal Projects/Roomba/Content/StarterContent/Textures/T_Tech_Dot_M.uexp" 1912
"C:/Users/Amir sanni/Documents/Unreal Projects/Roomba/Content/StarterContent/Textures/T_Tech_Dot_N.ubulk" 1913
"C:/Users/Amir sanni/Documents/Unreal Projects/Roomba/Content/StarterContent/Textures/T_Tech_Dot_N.uasset" 1914
"C:/Users/Amir sanni/Documents/Unreal Projects/Roomba/Content/StarterContent/Textures/T_Tech_Dot_N.uexp" 1915
"C:/Users/Amir sanni/Documents/Unreal Projects/Roomba/Content/StarterContent/Textures/T_Single_Tile_N.ubulk" 1916
"C:/Users/Amir sanni/Documents/Unreal Projects/Roomba/Content/StarterContent/Textures/T_Single_Tile_N.uasset" 1917
"C:/Users/Amir sanni/Documents/Unreal Projects/Roomba/Content/StarterContent/Textures/T_Single_Tile_N.uexp" 1918
"C:/Users/Amir sanni/Documents/Unreal Projects/Roomba/Content/StarterContent/Materials/M_Tech_Checker_Dot.uasset" 1919
"C:/Users/Amir sanni/Documents/Unreal Projects/Roomba/Content/StarterContent/Materials/M_Tech_Checker_Dot.uexp" 1920
"C:/Users/Amir sanni/Documents/Unreal Projects/Roomba/Content/StarterContent/Architecture/Floor_400x400.ubulk" 1921
"C:/Users/Amir sanni/Documents/Unreal Projects/Roomba/Content/StarterContent/Architecture/Floor_400x400.uasset" 1922
"C:/Users/Amir sanni/Documents/Unreal Projects/Roomba/Content/StarterContent/Architecture/Floor_400x400.uexp" 1923
"C:/Users/Amir sanni/Documents/Unreal Projects/Roomba/Content/StarterContent/Props/SM_GlassWindow.ubulk" 1924
"C:/Users/Amir sanni/Documents/Unreal Projects/Roomba/Content/StarterContent/Props/SM_GlassWindow.uasset" 1925
"C:/Users/Amir sanni/Documents/Unreal Projects/Roomba/Content/StarterContent/Props/SM_GlassWindow.uexp" 1926
"C:/Users/Amir sanni/Documents/Unreal Projects/Roomba/Content/StarterContent/Textures/T_Metal_Gold_N.ubulk" 1927
"C:/Users/Amir sanni/Documents/Unreal Projects/Roomba/Content/StarterContent/Textures/T_Metal_Gold_N.uasset" 1928
"C:/Users/Amir sanni/Documents/Unreal Projects/Roomba/Content/StarterContent/Textures/T_Metal_Gold_N.uexp" 1929
"C:/Users/Amir sanni/Documents/Unreal Projects/Roomba/Content/StarterContent/Textures/T_Rock_Marble_Polished_D.ubulk" 1930
"C:/Users/Amir sanni/Documents/Unreal Projects/Roomba/Content/StarterContent/Textures/T_Rock_Marble_Polished_D.uasset" 1931
"C:/Users/Amir sanni/Documents/Unreal Projects/Roomba/Content/StarterContent/Textures/T_Rock_Marble_Polished_D.uexp" 1932
"C:/Users/Amir sanni/Documents/Unreal Projects/Roomba/Content/StarterContent/Materials/M_Rock_Marble_Polished.uasset" 1933
"C:/Users/Amir sanni/Documents/Unreal Projects/Roomba/Content/StarterContent/Materials/M_Rock_Marble_Polished.uexp" 1934
"C:/Users/Amir sanni/Documents/Unreal Projects/Roomba/Content/StarterContent/Textures/T_Concrete_Grime_D.ubulk" 1935
"C:/Users/Amir sanni/Documents/Unreal Projects/Roomba/Content/StarterContent/Textures/T_Concrete_Grime_D.uasset" 1936
"C:/Users/Amir sanni/Documents/Unreal Projects/Roomba/Content/StarterContent/Textures/T_Concrete_Grime_D.uexp" 1937
"C:/Users/Amir sanni/Documents/Unreal Projects/Roomba/Content/StarterContent/Materials/M_Concrete_Grime.uasset" 1938
"C:/Users/Amir sanni/Documents/Unreal Projects/Roomba/Content/StarterContent/Materials/M_Concrete_Grime.uexp" 1939
"C:/Users/Amir sanni/Documents/Unreal Projects/Roomba/Content/StarterContent/Textures/T_Ceramic_Tile_M.ubulk" 1940
"C:/Users/Amir sanni/Documents/Unreal Projects/Roomba/Content/StarterContent/Textures/T_Ceramic_Tile_M.uasset" 1941
"C:/Users/Amir sanni/Documents/Unreal Projects/Roomba/Content/StarterContent/Textures/T_Ceramic_Tile_M.uexp" 1942
"C:/Users/Amir sanni/Documents/Unreal Projects/Roomba/Content/StarterContent/Textures/T_Ceramic_Tile_N.ubulk" 1943
"C:/Users/Amir sanni/Documents/Unreal Projects/Roomba/Content/StarterContent/Textures/T_Ceramic_Tile_N.uasset" 1944
"C:/Users/Amir sanni/Documents/Unreal Projects/Roomba/Content/StarterContent/Textures/T_Ceramic_Tile_N.uexp" 1945
"C:/Users/Amir sanni/Documents/Unreal Projects/Roomba/Content/StarterContent/Materials/M_Ceramic_Tile_Checker.uasset" 1946
"C:/Users/Amir sanni/Documents/Unreal Projects/Roomba/Content/StarterContent/Materials/M_Ceramic_Tile_Checker.uexp" 1947
"C:/Users/Amir sanni/Documents/Unreal Projects/Roomba/Content/StarterContent/Textures/T_Rock_Sandstone_N.ubulk" 1948
"C:/Users/Amir sanni/Documents/Unreal Projects/Roomba/Content/StarterContent/Textures/T_Rock_Sandstone_N.uasset" 1949
"C:/Users/Amir sanni/Documents/Unreal Projects/Roomba/Content/StarterContent/Textures/T_Rock_Sandstone_N.uexp" 1950
"C:/Users/Amir sanni/Documents/Unreal Projects/Roomba/Content/StarterContent/Textures/T_Rock_Sandstone_D.ubulk" 1951
"C:/Users/Amir sanni/Documents/Unreal Projects/Roomba/Content/StarterContent/Textures/T_Rock_Sandstone_D.uasset" 1952
"C:/Users/Amir sanni/Documents/Unreal Projects/Roomba/Content/StarterContent/Textures/T_Rock_Sandstone_D.uexp" 1953
"C:/Users/Amir sanni/Documents/Unreal Projects/Roomba/Content/StarterContent/Materials/M_Rock_Sandstone.uasset" 1954
"C:/Users/Amir sanni/Documents/Unreal Projects/Roomba/Content/StarterContent/Materials/M_Rock_Sandstone.uexp" 1955
"C:/Users/Amir sanni/Documents/Unreal Projects/Roomba/Content/StarterContent/Textures/T_Wood_Walnut_D.ubulk" 1956
"C:/Users/Amir sanni/Documents/Unreal Projects/Roomba/Content/StarterContent/Textures/T_Wood_Walnut_D.uasset" 1957
"C:/Users/Amir sanni/Documents/Unreal Projects/Roomba/Content/StarterContent/Textures/T_Wood_Walnut_D.uexp" 1958
"C:/Users/Amir sanni/Documents/Unreal Projects/Roomba/Content/StarterContent/Materials/M_Wood_Walnut.uasset" 1959
"C:/Users/Amir sanni/Documents/Unreal Projects/Roomba/Content/StarterContent/Materials/M_Wood_Walnut.uexp" 1960
"C:/Users/Amir sanni/Documents/Unreal Projects/Roomba/Content/StarterContent/Audio/Collapse_Cue.uasset" 1961
"C:/Users/Amir sanni/Documents/Unreal Projects/Roomba/Content/StarterContent/Audio/Collapse_Cue.uexp" 1962
"C:/Users/Amir sanni/Documents/Unreal Projects/Roomba/Content/StarterContent/Textures/T_Brick_Cut_Stone_N.ubulk" 1963
"C:/Users/Amir sanni/Documents/Unreal Projects/Roomba/Content/StarterContent/Textures/T_Brick_Cut_Stone_N.uasset" 1964
"C:/Users/Amir sanni/Documents/Unreal Projects/Roomba/Content/StarterContent/Textures/T_Brick_Cut_Stone_N.uexp" 1965
"C:/Users/Amir sanni/Documents/Unreal Projects/Roomba/Content/StarterContent/Textures/T_Brick_Cut_Stone_D.ubulk" 1966
"C:/Users/Amir sanni/Documents/Unreal Projects/Roomba/Content/StarterContent/Textures/T_Brick_Cut_Stone_D.uasset" 1967
"C:/Users/Amir sanni/Documents/Unreal Projects/Roomba/Content/StarterContent/Textures/T_Brick_Cut_Stone_D.uexp" 1968
"C:/Users/Amir sanni/Documents/Unreal Projects/Roomba/Content/StarterContent/Materials/M_Brick_Cut_Stone.uasset" 1969
"C:/Users/Amir sanni/Documents/Unreal Projects/Roomba/Content/StarterContent/Materials/M_Brick_Cut_Stone.uexp" 1970
"C:/Users/Amir sanni/Documents/Unreal Projects/Roomba/Content/StarterContent/Textures/T_Dust_Particle_D.ubulk" 1971
"C:/Users/Amir sanni/Documents/Unreal Projects/Roomba/Content/StarterContent/Textures/T_Dust_Particle_D.uasset" 1972
"C:/Users/Amir sanni/Documents/Unreal Projects/Roomba/Content/StarterContent/Textures/T_Dust_Particle_D.uexp" 1973
"C:/Users/Amir sanni/Documents/Unreal Projects/Roomba/Content/StarterContent/Particles/Materials/M_Dust_Particle.uasset" 1974
"C:/Users/Amir sanni/Documents/Unreal Projects/Roomba/Content/StarterContent/Particles/Materials/M_Dust_Particle.uexp" 1975
"C:/Users/Amir sanni/Documents/Unreal Projects/Roomba/Content/StarterContent/Particles/P_Ambient_Dust.uasset" 1976
"C:/Users/Amir sanni/Documents/Unreal Projects/Roomba/Content/StarterContent/Particles/P_Ambient_Dust.uexp" 1977
"C:/Users/Amir sanni/Documents/Unreal Projects/Roomba/Content/StarterContent/Props/SM_WindowFrame.ubulk" 1978
"C:/Users/Amir sanni/Documents/Unreal Projects/Roomba/Content/StarterContent/Props/SM_WindowFrame.uasset" 1979
"C:/Users/Amir sanni/Documents/Unreal Projects/Roomba/Content/StarterContent/Props/SM_WindowFrame.uexp" 1980
"C:/Users/Amir sanni/Documents/Unreal Projects/Roomba/Content/StarterContent/Textures/T_Metal_Copper_D.ubulk" 1981
"C:/Users/Amir sanni/Documents/Unreal Projects/Roomba/Content/StarterContent/Textures/T_Metal_Copper_D.uasset" 1982
"C:/Users/Amir sanni/Documents/Unreal Projects/Roomba/Content/StarterContent/Textures/T_Metal_Copper_D.uexp" 1983
"C:/Users/Amir sanni/Documents/Unreal Projects/Roomba/Content/StarterContent/Materials/M_Metal_Copper.uasset" 1984
"C:/Users/Amir sanni/Documents/Unreal Projects/Roomba/Content/StarterContent/Materials/M_Metal_Copper.uexp" 1985
"C:/Users/Amir sanni/Documents/Unreal Projects/Roomba/Content/StarterContent/Textures/T_Water_M.ubulk" 1986
"C:/Users/Amir sanni/Documents/Unreal Projects/Roomba/Content/StarterContent/Textures/T_Water_M.uasset" 1987
"C:/Users/Amir sanni/Documents/Unreal Projects/Roomba/Content/StarterContent/Textures/T_Water_M.uexp" 1988
"C:/Users/Amir sanni/Documents/Unreal Projects/Roomba/Content/StarterContent/Materials/M_Water_Ocean.uasset" 1989
"C:/Users/Amir sanni/Documents/Unreal Projects/Roomba/Content/StarterContent/Materials/M_Water_Ocean.uexp" 1990
"C:/Users/Amir sanni/Documents/Unreal Projects/Roomba/Content/StarterContent/Textures/T_CobbleStone_Pebble_N.ubulk" 1991
"C:/Users/Amir sanni/Documents/Unreal Projects/Roomba/Content/StarterContent/Textures/T_CobbleStone_Pebble_N.uasset" 1992
"C:/Users/Amir sanni/Documents/Unreal Projects/Roomba/Content/StarterContent/Textures/T_CobbleStone_Pebble_N.uexp" 1993
"C:/Users/Amir sanni/Documents/Unreal Projects/Roomba/Content/StarterContent/Textures/T_CobbleStone_Pebble_M.ubulk" 1994
"C:/Users/Amir sanni/Documents/Unreal Projects/Roomba/Content/StarterContent/Textures/T_CobbleStone_Pebble_M.uasset" 1995
"C:/Users/Amir sanni/Documents/Unreal Projects/Roomba/Content/StarterContent/Textures/T_CobbleStone_Pebble_M.uexp" 1996
"C:/Users/Amir sanni/Documents/Unreal Projects/Roomba/Content/StarterContent/Textures/T_CobbleStone_Pebble_D.ubulk" 1997
"C:/Users/Amir sanni/Documents/Unreal Projects/Roomba/Content/StarterContent/Textures/T_CobbleStone_Pebble_D.uasset" 1998
"C:/Users/Amir sanni/Documents/Unreal Projects/Roomba/Content/StarterContent/Textures/T_CobbleStone_Pebble_D.uexp" 1999
"C:/Users/Amir sanni/Documents/Unreal Projects/Roomba/Content/StarterContent/Materials/M_CobbleStone_Pebble.uasset" 2000
"C:/Users/Amir sanni/Documents/Unreal Projects/Roomba/Content/StarterContent/Materials/M_CobbleStone_Pebble.uexp" 2001
"C:/Users/Amir sanni/Documents/Unreal Projects/Roomba/Content/StarterContent/Textures/T_Brick_Clay_Old_N.ubulk" 2002
"C:/Users/Amir sanni/Documents/Unreal Projects/Roomba/Content/StarterContent/Textures/T_Brick_Clay_Old_N.uasset" 2003
"C:/Users/Amir sanni/Documents/Unreal Projects/Roomba/Content/StarterContent/Textures/T_Brick_Clay_Old_N.uexp" 2004
"C:/Users/Amir sanni/Documents/Unreal Projects/Roomba/Content/StarterContent/Textures/T_Brick_Clay_Old_D.ubulk" 2005
"C:/Users/Amir sanni/Documents/Unreal Projects/Roomba/Content/StarterContent/Textures/T_Brick_Clay_Old_D.uasset" 2006
"C:/Users/Amir sanni/Documents/Unreal Projects/Roomba/Content/StarterContent/Textures/T_Brick_Clay_Old_D.uexp" 2007
"C:/Users/Amir sanni/Documents/Unreal Projects/Roomba/Content/StarterContent/Materials/M_Brick_Clay_Old.uasset" 2008
"C:/Users/Amir sanni/Documents/Unreal Projects/Roomba/Content/StarterContent/Materials/M_Brick_Clay_Old.uexp" 2009
"C:/Users/Amir sanni/Documents/Unreal Projects/Roomba/Content/StarterContent/Textures/T_Metal_Steel_D.ubulk" 2010
"C:/Users/Amir sanni/Documents/Unreal Projects/Roomba/Content/StarterContent/Textures/T_Metal_Steel_D.uasset" 2011
"C:/Users/Amir sanni/Documents/Unreal Projects/Roomba/Content/StarterContent/Textures/T_Metal_Steel_D.uexp" 2012
"C:/Users/Amir sanni/Documents/Unreal Projects/Roomba/Content/StarterContent/Textures/T_Metal_Steel_N.ubulk" 2013
"C:/Users/Amir sanni/Documents/Unreal Projects/Roomba/Content/StarterContent/Textures/T_Metal_Steel_N.uasset" 2014
"C:/Users/Amir sanni/Documents/Unreal Projects/Roomba/Content/StarterContent/Textures/T_Metal_Steel_N.uexp" 2015
"C:/Users/Amir sanni/Documents/Unreal Projects/Roomba/Content/StarterContent/Materials/M_Metal_Steel.uasset" 2016
"C:/Users/Amir sanni/Documents/Unreal Projects/Roomba/Content/StarterContent/Materials/M_Metal_Steel.uexp" 2017
"C:/Users/Amir sanni/Documents/Unreal Projects/Roomba/Content/StarterContent/Props/SM_Lamp_Wall.ubulk" 2018
"C:/Users/Amir sanni/Documents/Unreal Projects/Roomba/Content/StarterContent/Props/SM_Lamp_Wall.uasset" 2019
"C:/Users/Amir sanni/Documents/Unreal Projects/Roomba/Content/StarterContent/Props/SM_Lamp_Wall.uexp" 2020
"C:/Users/Amir sanni/Documents/Unreal Projects/Roomba/Content/StarterContent/Blueprints/Blueprint_WallSconce.uasset" 2021
"C:/Users/Amir sanni/Documents/Unreal Projects/Roomba/Content/StarterContent/Blueprints/Blueprint_WallSconce.uexp" 2022
"C:/Users/Amir sanni/Documents/Unreal Projects/Roomba/Content/StarterContent/Textures/T_Tech_Panel_N.ubulk" 2023
"C:/Users/Amir sanni/Documents/Unreal Projects/Roomba/Content/StarterContent/Textures/T_Tech_Panel_N.uasset" 2024
"C:/Users/Amir sanni/Documents/Unreal Projects/Roomba/Content/StarterContent/Textures/T_Tech_Panel_N.uexp" 2025
"C:/Users/Amir sanni/Documents/Unreal Projects/Roomba/Content/StarterContent/Textures/T_Tech_Panel_M.ubulk" 2026
"C:/Users/Amir sanni/Documents/Unreal Projects/Roomba/Content/StarterContent/Textures/T_Tech_Panel_M.uasset" 2027
"C:/Users/Amir sanni/Documents/Unreal Projects/Roomba/Content/StarterContent/Textures/T_Tech_Panel_M.uexp" 2028
"C:/Users/Amir sanni/Documents/Unreal Projects/Roomba/Content/StarterContent/Materials/M_Tech_Panel.uasset" 2029
"C:/Users/Amir sanni/Documents/Unreal Projects/Roomba/Content/StarterContent/Materials/M_Tech_Panel.uexp" 2030
"C:/Users/Amir sanni/Documents/Unreal Projects/Roomba/Content/StarterContent/Materials/M_Tech_Hex_Tile_Pulse.uasset" 2031
"C:/Users/Amir sanni/Documents/Unreal Projects/Roomba/Content/StarterContent/Materials/M_Tech_Hex_Tile_Pulse.uexp" 2032
"C:/Users/Amir sanni/Documents/Unreal Projects/Roomba/Content/StarterContent/Props/SM_PillarFrame.ubulk" 2033
"C:/Users/Amir sanni/Documents/Unreal Projects/Roomba/Content/StarterContent/Props/SM_PillarFrame.uasset" 2034
"C:/Users/Amir sanni/Documents/Unreal Projects/Roomba/Content/StarterContent/Props/SM_PillarFrame.uexp" 2035
"C:/Users/Amir sanni/Documents/Unreal Projects/Roomba/Content/StarterContent/Textures/T_TableRound_N.ubulk" 2036
"C:/Users/Amir sanni/Documents/Unreal Projects/Roomba/Content/StarterContent/Textures/T_TableRound_N.uasset" 2037
"C:/Users/Amir sanni/Documents/Unreal Projects/Roomba/Content/StarterContent/Textures/T_TableRound_N.uexp" 2038
"C:/Users/Amir sanni/Documents/Unreal Projects/Roomba/Content/StarterContent/Textures/T_TableRound_M.ubulk" 2039
"C:/Users/Amir sanni/Documents/Unreal Projects/Roomba/Content/StarterContent/Textures/T_TableRound_M.uasset" 2040
"C:/Users/Amir sanni/Documents/Unreal Projects/Roomba/Content/StarterContent/Textures/T_TableRound_M.uexp" 2041
"C:/Users/Amir sanni/Documents/Unreal Projects/Roomba/Content/StarterContent/Props/Materials/M_TableRound.uasset" 2042
"C:/Users/Amir sanni/Documents/Unreal Projects/Roomba/Content/StarterContent/Props/Materials/M_TableRound.uexp" 2043
"C:/Users/Amir sanni/Documents/Unreal Projects/Roomba/Content/StarterContent/Props/SM_TableRound.ubulk" 2044
"C:/Users/Amir sanni/Documents/Unreal Projects/Roomba/Content/StarterContent/Props/SM_TableRound.uasset" 2045
"C:/Users/Amir sanni/Documents/Unreal Projects/Roomba/Content/StarterContent/Props/SM_TableRound.uexp" 2046
"C:/Users/Amir sanni/Documents/Unreal Projects/Roomba/Content/StarterContent/Textures/T_Fire_Tiled_D.ubulk" 2047
"C:/Users/Amir sanni/Documents/Unreal Projects/Roomba/Content/StarterContent/Textures/T_Fire_Tiled_D.uasset" 2048
"C:/Users/Amir sanni/Documents/Unreal Projects/Roomba/Content/StarterContent/Textures/T_Fire_Tiled_D.uexp" 2049
"C:/Users/Amir sanni/Documents/Unreal Projects/Roomba/Content/StarterContent/Textures/T_Fire_SubUV.ubulk" 2050
"C:/Users/Amir sanni/Documents/Unreal Projects/Roomba/Content/StarterContent/Textures/T_Fire_SubUV.uasset" 2051
"C:/Users/Amir sanni/Documents/Unreal Projects/Roomba/Content/StarterContent/Textures/T_Fire_SubUV.uexp" 2052
"C:/Users/Amir sanni/Documents/Unreal Projects/Roomba/Content/StarterContent/Particles/Materials/M_Fire_SubUV.uasset" 2053
"C:/Users/Amir sanni/Documents/Unreal Projects/Roomba/Content/StarterContent/Particles/Materials/M_Fire_SubUV.uexp" 2054
"C:/Users/Amir sanni/Documents/Unreal Projects/Roomba/Content/StarterContent/Particles/Materials/M_Heat_Distortion.uasset" 2055
"C:/Users/Amir sanni/Documents/Unreal Projects/Roomba/Content/StarterContent/Particles/Materials/M_Heat_Distortion.uexp" 2056
"C:/Users/Amir sanni/Documents/Unreal Projects/Roomba/Content/StarterContent/Particles/P_Fire.uasset" 2057
"C:/Users/Amir sanni/Documents/Unreal Projects/Roomba/Content/StarterContent/Particles/P_Fire.uexp" 2058
"C:/Users/Amir sanni/Documents/Unreal Projects/Roomba/Content/StarterContent/Audio/Fire01_Cue.uasset" 2059
"C:/Users/Amir sanni/Documents/Unreal Projects/Roomba/Content/StarterContent/Audio/Fire01_Cue.uexp" 2060
"C:/Users/Amir sanni/Documents/Unreal Projects/Roomba/Content/StarterContent/Blueprints/Blueprint_Effect_Fire.uasset" 2061
"C:/Users/Amir sanni/Documents/Unreal Projects/Roomba/Content/StarterContent/Blueprints/Blueprint_Effect_Fire.uexp" 2062
"C:/Users/Amir sanni/Documents/Unreal Projects/Roomba/Content/StarterContent/Architecture/Wall_Window_400x300.ubulk" 2063
"C:/Users/Amir sanni/Documents/Unreal Projects/Roomba/Content/StarterContent/Architecture/Wall_Window_400x300.uasset" 2064
"C:/Users/Amir sanni/Documents/Unreal Projects/Roomba/Content/StarterContent/Architecture/Wall_Window_400x300.uexp" 2065
"C:/Users/Amir sanni/Documents/Unreal Projects/Roomba/Content/StarterContent/Textures/T_Brick_Hewn_Stone_N.ubulk" 2066
"C:/Users/Amir sanni/Documents/Unreal Projects/Roomba/Content/StarterContent/Textures/T_Brick_Hewn_Stone_N.uasset" 2067
"C:/Users/Amir sanni/Documents/Unreal Projects/Roomba/Content/StarterContent/Textures/T_Brick_Hewn_Stone_N.uexp" 2068
"C:/Users/Amir sanni/Documents/Unreal Projects/Roomba/Content/StarterContent/Textures/T_Brick_Hewn_Stone_D.ubulk" 2069
"C:/Users/Amir sanni/Documents/Unreal Projects/Roomba/Content/StarterContent/Textures/T_Brick_Hewn_Stone_D.uasset" 2070
"C:/Users/Amir sanni/Documents/Unreal Projects/Roomba/Content/StarterContent/Textures/T_Brick_Hewn_Stone_D.uexp" 2071
"C:/Users/Amir sanni/Documents/Unreal Projects/Roomba/Content/StarterContent/Textures/T_Brick_Hewn_Stone_M.ubulk" 2072
"C:/Users/Amir sanni/Documents/Unreal Projects/Roomba/Content/StarterContent/Textures/T_Brick_Hewn_Stone_M.uasset" 2073
"C:/Users/Amir sanni/Documents/Unreal Projects/Roomba/Content/StarterContent/Textures/T_Brick_Hewn_Stone_M.uexp" 2074
"C:/Users/Amir sanni/Documents/Unreal Projects/Roomba/Content/StarterContent/Materials/M_Brick_Hewn_Stone.uasset" 2075
"C:/Users/Amir sanni/Documents/Unreal Projects/Roomba/Content/StarterContent/Materials/M_Brick_Hewn_Stone.uexp" 2076
"C:/Users/Amir sanni/Documents/Unreal Projects/Roomba/Content/StarterContent/Audio/Smoke01_Cue.uasset" 2077
"C:/Users/Amir sanni/Documents/Unreal Projects/Roomba/Content/StarterContent/Audio/Smoke01_Cue.uexp" 2078
"C:/Users/Amir sanni/Documents/Unreal Projects/Roomba/Content/StarterContent/Particles/P_Smoke.uasset" 2079
"C:/Users/Amir sanni/Documents/Unreal Projects/Roomba/Content/StarterContent/Particles/P_Smoke.uexp" 2080
"C:/Users/Amir sanni/Documents/Unreal Projects/Roomba/Content/StarterContent/Blueprints/Blueprint_Effect_Smoke.uasset" 2081
"C:/Users/Amir sanni/Documents/Unreal Projects/Roomba/Content/StarterContent/Blueprints/Blueprint_Effect_Smoke.uexp" 2082
"C:/Users/Amir sanni/Documents/Unreal Projects/Roomba/Content/StarterContent/Textures/T_CobbleStone_Rough_N.ubulk" 2083
"C:/Users/Amir sanni/Documents/Unreal Projects/Roomba/Content/StarterContent/Textures/T_CobbleStone_Rough_N.uasset" 2084
"C:/Users/Amir sanni/Documents/Unreal Projects/Roomba/Content/StarterContent/Textures/T_CobbleStone_Rough_N.uexp" 2085
"C:/Users/Amir sanni/Documents/Unreal Projects/Roomba/Content/StarterContent/Textures/T_CobbleStone_Rough_D.ubulk" 2086
"C:/Users/Amir sanni/Documents/Unreal Projects/Roomba/Content/StarterContent/Textures/T_CobbleStone_Rough_D.uasset" 2087
"C:/Users/Amir sanni/Documents/Unreal Projects/Roomba/Content/StarterContent/Textures/T_CobbleStone_Rough_D.uexp" 2088
"C:/Users/Amir sanni/Documents/Unreal Projects/Roomba/Content/StarterContent/Materials/M_CobbleStone_Rough.uasset" 2089
"C:/Users/Amir sanni/Documents/Unreal Projects/Roomba/Content/StarterContent/Materials/M_CobbleStone_Rough.uexp" 2090
"C:/Users/Amir sanni/Documents/Unreal Projects/Roomba/Content/StarterContent/Textures/T_Statue_M.ubulk" 2091
"C:/Users/Amir sanni/Documents/Unreal Projects/Roomba/Content/StarterContent/Textures/T_Statue_M.uasset" 2092
"C:/Users/Amir sanni/Documents/Unreal Projects/Roomba/Content/StarterContent/Textures/T_Statue_M.uexp" 2093
"C:/Users/Amir sanni/Documents/Unreal Projects/Roomba/Content/StarterContent/Textures/T_Statue_N.ubulk" 2094
"C:/Users/Amir sanni/Documents/Unreal Projects/Roomba/Content/StarterContent/Textures/T_Statue_N.uasset" 2095
"C:/Users/Amir sanni/Documents/Unreal Projects/Roomba/Content/StarterContent/Textures/T_Statue_N.uexp" 2096
"C:/Users/Amir sanni/Documents/Unreal Projects/Roomba/Content/StarterContent/Props/Materials/M_Statue.uasset" 2097
"C:/Users/Amir sanni/Documents/Unreal Projects/Roomba/Content/StarterContent/Props/Materials/M_Statue.uexp" 2098
"C:/Users/Amir sanni/Documents/Unreal Projects/Roomba/Content/StarterContent/Props/Materials/M_StatueGlass.uasset" 2099
"C:/Users/Amir sanni/Documents/Unreal Projects/Roomba/Content/StarterContent/Props/Materials/M_StatueGlass.uexp" 2100
"C:/Users/Amir sanni/Documents/Unreal Projects/Roomba/Content/StarterContent/Props/SM_Statue.ubulk" 2101
"C:/Users/Amir sanni/Documents/Unreal Projects/Roomba/Content/StarterContent/Props/SM_Statue.uasset" 2102
"C:/Users/Amir sanni/Documents/Unreal Projects/Roomba/Content/StarterContent/Props/SM_Statue.uexp" 2103
"C:/Users/Amir sanni/Documents/Unreal Projects/Roomba/Content/StarterContent/Textures/T_ground_Moss_D.ubulk" 2104
"C:/Users/Amir sanni/Documents/Unreal Projects/Roomba/Content/StarterContent/Textures/T_ground_Moss_D.uasset" 2105
"C:/Users/Amir sanni/Documents/Unreal Projects/Roomba/Content/StarterContent/Textures/T_ground_Moss_D.uexp" 2106
"C:/Users/Amir sanni/Documents/Unreal Projects/Roomba/Content/StarterContent/Textures/T_Ground_Moss_N.ubulk" 2107
"C:/Users/Amir sanni/Documents/Unreal Projects/Roomba/Content/StarterContent/Textures/T_Ground_Moss_N.uasset" 2108
"C:/Users/Amir sanni/Documents/Unreal Projects/Roomba/Content/StarterContent/Textures/T_Ground_Moss_N.uexp" 2109
"C:/Users/Amir sanni/Documents/Unreal Projects/Roomba/Content/StarterContent/Materials/M_Ground_Moss.uasset" 2110
"C:/Users/Amir sanni/Documents/Unreal Projects/Roomba/Content/StarterContent/Materials/M_Ground_Moss.uexp" 2111
"C:/Users/Amir sanni/Documents/Unreal Projects/Roomba/Content/StarterContent/Props/SM_PillarFrame300.ubulk" 2112
"C:/Users/Amir sanni/Documents/Unreal Projects/Roomba/Content/StarterContent/Props/SM_PillarFrame300.uasset" 2113
"C:/Users/Amir sanni/Documents/Unreal Projects/Roomba/Content/StarterContent/Props/SM_PillarFrame300.uexp" 2114
"C:/Users/Amir sanni/Documents/Unreal Projects/Roomba/Content/StarterContent/Materials/M_Metal_Chrome.uasset" 2115
"C:/Users/Amir sanni/Documents/Unreal Projects/Roomba/Content/StarterContent/Materials/M_Metal_Chrome.uexp" 2116
"C:/Users/Amir sanni/Documents/Unreal Projects/Roomba/Content/StarterContent/Textures/T_Metal_Gold_D.ubulk" 2117
"C:/Users/Amir sanni/Documents/Unreal Projects/Roomba/Content/StarterContent/Textures/T_Metal_Gold_D.uasset" 2118
"C:/Users/Amir sanni/Documents/Unreal Projects/Roomba/Content/StarterContent/Textures/T_Metal_Gold_D.uexp" 2119
"C:/Users/Amir sanni/Documents/Unreal Projects/Roomba/Content/StarterContent/Materials/M_Metal_Gold.uasset" 2120
"C:/Users/Amir sanni/Documents/Unreal Projects/Roomba/Content/StarterContent/Materials/M_Metal_Gold.uexp" 2121
"C:/Users/Amir sanni/Documents/Unreal Projects/Roomba/Content/StarterContent/Textures/T_Ground_Grass_D.ubulk" 2122
"C:/Users/Amir sanni/Documents/Unreal Projects/Roomba/Content/StarterContent/Textures/T_Ground_Grass_D.uasset" 2123
"C:/Users/Amir sanni/Documents/Unreal Projects/Roomba/Content/StarterContent/Textures/T_Ground_Grass_D.uexp" 2124
"C:/Users/Amir sanni/Documents/Unreal Projects/Roomba/Content/StarterContent/Textures/T_Ground_Grass_N.ubulk" 2125
"C:/Users/Amir sanni/Documents/Unreal Projects/Roomba/Content/StarterContent/Textures/T_Ground_Grass_N.uasset" 2126
"C:/Users/Amir sanni/Documents/Unreal Projects/Roomba/Content/StarterContent/Textures/T_Ground_Grass_N.uexp" 2127
"C:/Users/Amir sanni/Documents/Unreal Projects/Roomba/Content/StarterContent/Materials/M_Ground_Grass.uasset" 2128
"C:/Users/Amir sanni/Documents/Unreal Projects/Roomba/Content/StarterContent/Materials/M_Ground_Grass.uexp" 2129
"C:/Users/Amir sanni/Documents/Unreal Projects/Roomba/Content/StarterContent/Audio/Starter_Background_Cue.uasset" 2130
"C:/Users/Amir sanni/Documents/Unreal Projects/Roomba/Content/StarterContent/Audio/Starter_Background_Cue.uexp" 2131
"C:/Users/Amir sanni/Documents/Unreal Projects/Roomba/Content/StarterContent/Maps/StarterMap_BuiltData.ubulk" 2132
"C:/Users/Amir sanni/Documents/Unreal Projects/Roomba/Content/StarterContent/Maps/StarterMap_BuiltData.uasset" 2133
"C:/Users/Amir sanni/Documents/Unreal Projects/Roomba/Content/StarterContent/Maps/StarterMap_BuiltData.uexp" 2134
"C:/Users/Amir sanni/Documents/Unreal Projects/Roomba/Content/StarterContent/Props/SM_CornerFrame.ubulk" 2135
"C:/Users/Amir sanni/Documents/Unreal Projects/Roomba/Content/StarterContent/Props/SM_CornerFrame.uasset" 2136
"C:/Users/Amir sanni/Documents/Unreal Projects/Roomba/Content/StarterContent/Props/SM_CornerFrame.uexp" 2137
"C:/Users/Amir sanni/Documents/Unreal Projects/Roomba/Content/StarterContent/Shapes/Shape_Sphere.ubulk" 2138
"C:/Users/Amir sanni/Documents/Unreal Projects/Roomba/Content/StarterContent/Shapes/Shape_Sphere.uasset" 2139
"C:/Users/Amir sanni/Documents/Unreal Projects/Roomba/Content/StarterContent/Shapes/Shape_Sphere.uexp" 2140
"C:/Users/Amir sanni/Documents/Unreal Projects/Roomba/Content/StarterContent/Audio/Starter_Music_Cue.uasset" 2141
"C:/Users/Amir sanni/Documents/Unreal Projects/Roomba/Content/StarterContent/Audio/Starter_Music_Cue.uexp" 2142
"C:/Users/Amir sanni/Documents/Unreal Projects/Roomba/Content/StarterContent/Shapes/Shape_QuadPyramid.ubulk" 2143
"C:/Users/Amir sanni/Documents/Unreal Projects/Roomba/Content/StarterContent/Shapes/Shape_QuadPyramid.uasset" 2144
"C:/Users/Amir sanni/Documents/Unreal Projects/Roomba/Content/StarterContent/Shapes/Shape_QuadPyramid.uexp" 2145
"C:/Users/Amir sanni/Documents/Unreal Projects/Roomba/Content/StarterContent/Textures/T_Metal_Aluminum_D.ubulk" 2146
"C:/Users/Amir sanni/Documents/Unreal Projects/Roomba/Content/StarterContent/Textures/T_Metal_Aluminum_D.uasset" 2147
"C:/Users/Amir sanni/Documents/Unreal Projects/Roomba/Content/StarterContent/Textures/T_Metal_Aluminum_D.uexp" 2148
"C:/Users/Amir sanni/Documents/Unreal Projects/Roomba/Content/StarterContent/Materials/M_Metal_Burnished_Steel.uasset" 2149
"C:/Users/Amir sanni/Documents/Unreal Projects/Roomba/Content/StarterContent/Materials/M_Metal_Burnished_Steel.uexp" 2150
"C:/Users/Amir sanni/Documents/Unreal Projects/Roomba/Content/StarterContent/Props/SM_Chair.ubulk" 2151
"C:/Users/Amir sanni/Documents/Unreal Projects/Roomba/Content/StarterContent/Props/SM_Chair.uasset" 2152
"C:/Users/Amir sanni/Documents/Unreal Projects/Roomba/Content/StarterContent/Props/SM_Chair.uexp" 2153
"C:/Users/Amir sanni/Documents/Unreal Projects/Roomba/Content/StarterContent/Textures/T_Concrete_Panels_D.ubulk" 2154
"C:/Users/Amir sanni/Documents/Unreal Projects/Roomba/Content/StarterContent/Textures/T_Concrete_Panels_D.uasset" 2155
"C:/Users/Amir sanni/Documents/Unreal Projects/Roomba/Content/StarterContent/Textures/T_Concrete_Panels_D.uexp" 2156
"C:/Users/Amir sanni/Documents/Unreal Projects/Roomba/Content/StarterContent/Textures/T_Concrete_Panels_N.ubulk" 2157
"C:/Users/Amir sanni/Documents/Unreal Projects/Roomba/Content/StarterContent/Textures/T_Concrete_Panels_N.uasset" 2158
"C:/Users/Amir sanni/Documents/Unreal Projects/Roomba/Content/StarterContent/Textures/T_Concrete_Panels_N.uexp" 2159
"C:/Users/Amir sanni/Documents/Unreal Projects/Roomba/Content/StarterContent/Materials/M_Concrete_Panels.uasset" 2160
"C:/Users/Amir sanni/Documents/Unreal Projects/Roomba/Content/StarterContent/Materials/M_Concrete_Panels.uexp" 2161
"C:/Users/Amir sanni/Documents/Unreal Projects/Roomba/Content/StarterContent/Maps/StarterMap.uexp" 2162
"C:/Users/Amir sanni/Documents/Unreal Projects/Roomba/Content/StarterContent/Maps/StarterMap.umap" 2163
"C:/Users/Amir sanni/Documents/Unreal Projects/Roomba/Content/StarterContent/Maps/Minimal_Default_BuiltData.ubulk" 2164
"C:/Users/Amir sanni/Documents/Unreal Projects/Roomba/Content/StarterContent/Maps/Minimal_Default_BuiltData.uasset" 2165
"C:/Users/Amir sanni/Documents/Unreal Projects/Roomba/Content/StarterContent/Maps/Minimal_Default_BuiltData.uexp" 2166
"C:/Users/Amir sanni/Documents/Unreal Projects/Roomba/Content/StarterContent/Maps/Minimal_Default.uexp" 2167
"C:/Users/Amir sanni/Documents/Unreal Projects/Roomba/Content/StarterContent/Maps/Minimal_Default.umap" 2168
"C:/Users/Amir sanni/Documents/Unreal Projects/Roomba/Content/StarterContent/Maps/Advanced_Lighting_BuiltData.ubulk" 2169
"C:/Users/Amir sanni/Documents/Unreal Projects/Roomba/Content/StarterContent/Maps/Advanced_Lighting_BuiltData.uasset" 2170
"C:/Users/Amir sanni/Documents/Unreal Projects/Roomba/Content/StarterContent/Maps/Advanced_Lighting_BuiltData.uexp" 2171
"C:/Users/Amir sanni/Documents/Unreal Projects/Roomba/Content/StarterContent/Materials/M_AssetPlatform.uasset" 2172
"C:/Users/Amir sanni/Documents/Unreal Projects/Roomba/Content/StarterContent/Materials/M_AssetPlatform.uexp" 2173
"C:/Users/Amir sanni/Documents/Unreal Projects/Roomba/Content/StarterContent/Architecture/SM_AssetPlatform.ubulk" 2174
"C:/Users/Amir sanni/Documents/Unreal Projects/Roomba/Content/StarterContent/Architecture/SM_AssetPlatform.uasset" 2175
"C:/Users/Amir sanni/Documents/Unreal Projects/Roomba/Content/StarterContent/Architecture/SM_AssetPlatform.uexp" 2176
"../../../Engine/Content/MapTemplates/Sky/DaylightAmbientCubemap.uasset" 2177
"../../../Engine/Content/MapTemplates/Sky/DaylightAmbientCubemap.uexp" 2178
"C:/Users/Amir sanni/Documents/Unreal Projects/Roomba/Content/StarterContent/Blueprints/Assets/M_LightStage_Skybox_Master.uasset" 2179
"C:/Users/Amir sanni/Documents/Unreal Projects/Roomba/Content/StarterContent/Blueprints/Assets/M_LightStage_Skybox_Master.uexp" 2180
"C:/Users/Amir sanni/Documents/Unreal Projects/Roomba/Content/StarterContent/Blueprints/Assets/M_LightStage_Skybox_HDRI.uasset" 2181
"C:/Users/Amir sanni/Documents/Unreal Projects/Roomba/Content/StarterContent/Blueprints/Assets/M_LightStage_Skybox_HDRI.uexp" 2182
"C:/Users/Amir sanni/Documents/Unreal Projects/Roomba/Content/StarterContent/HDRI/HDRI_Epic_Courtyard_Daylight.uasset" 2183
"C:/Users/Amir sanni/Documents/Unreal Projects/Roomba/Content/StarterContent/HDRI/HDRI_Epic_Courtyard_Daylight.uexp" 2184
"C:/Users/Amir sanni/Documents/Unreal Projects/Roomba/Content/StarterContent/Blueprints/Assets/SunlightColorLUT.uasset" 2185
"C:/Users/Amir sanni/Documents/Unreal Projects/Roomba/Content/StarterContent/Blueprints/Assets/SunlightColorLUT.uexp" 2186
"C:/Users/Amir sanni/Documents/Unreal Projects/Roomba/Content/StarterContent/Blueprints/Assets/M_LightStage_Skybox_Black.uasset" 2187
"C:/Users/Amir sanni/Documents/Unreal Projects/Roomba/Content/StarterContent/Blueprints/Assets/M_LightStage_Skybox_Black.uexp" 2188
"C:/Users/Amir sanni/Documents/Unreal Projects/Roomba/Content/StarterContent/Blueprints/Assets/FogBrightnessLUT.uasset" 2189
"C:/Users/Amir sanni/Documents/Unreal Projects/Roomba/Content/StarterContent/Blueprints/Assets/FogBrightnessLUT.uexp" 2190
"C:/Users/Amir sanni/Documents/Unreal Projects/Roomba/Content/StarterContent/Blueprints/Assets/SM_Arrows.ubulk" 2191
"C:/Users/Amir sanni/Documents/Unreal Projects/Roomba/Content/StarterContent/Blueprints/Assets/SM_Arrows.uasset" 2192
"C:/Users/Amir sanni/Documents/Unreal Projects/Roomba/Content/StarterContent/Blueprints/Assets/SM_Arrows.uexp" 2193
"C:/Users/Amir sanni/Documents/Unreal Projects/Roomba/Content/StarterContent/Blueprints/Assets/M_LightStage_Arrows.uasset" 2194
"C:/Users/Amir sanni/Documents/Unreal Projects/Roomba/Content/StarterContent/Blueprints/Assets/M_LightStage_Arrows.uexp" 2195
"../../../Engine/Content/ArtTools/RenderToTexture/MaterialFunctions/CheckerPattern.uasset" 2196
"../../../Engine/Content/ArtTools/RenderToTexture/MaterialFunctions/CheckerPattern.uexp" 2197
"../../../Engine/Content/Functions/Engine_MaterialFunctions02/ScreenResolution.uasset" 2198
"../../../Engine/Content/Functions/Engine_MaterialFunctions02/ScreenResolution.uexp" 2199
"../../../Engine/Content/Functions/Engine_MaterialFunctions02/Texturing/ScreenAlignedUVs.uasset" 2200
"../../../Engine/Content/Functions/Engine_MaterialFunctions02/Texturing/ScreenAlignedUVs.uexp" 2201
"../../../Engine/Content/EditorMaterials/Thumbnails/SkySphereMaterial.uasset" 2202
"../../../Engine/Content/EditorMaterials/Thumbnails/SkySphereMaterial.uexp" 2203
"C:/Users/Amir sanni/Documents/Unreal Projects/Roomba/Content/StarterContent/Blueprints/Assets/Skybox.ubulk" 2204
"C:/Users/Amir sanni/Documents/Unreal Projects/Roomba/Content/StarterContent/Blueprints/Assets/Skybox.uasset" 2205
"C:/Users/Amir sanni/Documents/Unreal Projects/Roomba/Content/StarterContent/Blueprints/Assets/Skybox.uexp" 2206
"C:/Users/Amir sanni/Documents/Unreal Projects/Roomba/Content/StarterContent/Blueprints/BP_LightStudio.uasset" 2207
"C:/Users/Amir sanni/Documents/Unreal Projects/Roomba/Content/StarterContent/Blueprints/BP_LightStudio.uexp" 2208
"../../../Engine/Content/EditorMeshes/ColorCalibrator/M_GreyBall.uasset" 2209
"../../../Engine/Content/EditorMeshes/ColorCalibrator/M_GreyBall.uexp" 2210
"../../../Engine/Content/EditorMeshes/ColorCalibrator/M_ClearCoat.uasset" 2211
"../../../Engine/Content/EditorMeshes/ColorCalibrator/M_ClearCoat.uexp" 2212
"../../../Engine/Content/EditorMeshes/ColorCalibrator/M_ChromeBall.uasset" 2213
"../../../Engine/Content/EditorMeshes/ColorCalibrator/M_ChromeBall.uexp" 2214
"../../../Engine/Content/EditorMeshes/ColorCalibrator/M_ClearCoatBlack.uasset" 2215
"../../../Engine/Content/EditorMeshes/ColorCalibrator/M_ClearCoatBlack.uexp" 2216
"../../../Engine/Content/EditorMeshes/ColorCalibrator/Color_checker.ubulk" 2217
"../../../Engine/Content/EditorMeshes/ColorCalibrator/Color_checker.uasset" 2218
"../../../Engine/Content/EditorMeshes/ColorCalibrator/Color_checker.uexp" 2219
"../../../Engine/Content/EditorMeshes/ColorCalibrator/M_ColorGrid.uasset" 2220
"../../../Engine/Content/EditorMeshes/ColorCalibrator/M_ColorGrid.uexp" 2221
"../../../Engine/Content/EditorMeshes/ColorCalibrator/SM_ColorCalibrator.ubulk" 2222
"../../../Engine/Content/EditorMeshes/ColorCalibrator/SM_ColorCalibrator.uasset" 2223
"../../../Engine/Content/EditorMeshes/ColorCalibrator/SM_ColorCalibrator.uexp" 2224
"C:/Users/Amir sanni/Documents/Unreal Projects/Roomba/Content/StarterContent/Maps/Advanced_Lighting.uexp" 2225
"C:/Users/Amir sanni/Documents/Unreal Projects/Roomba/Content/StarterContent/Maps/Advanced_Lighting.umap" 2226
